602, 616, 624, 626, 614, 587, 599, 610, 606, 659, 676, 643, 619, 645, 659, 664, 627, 654, 662, 665, 676, 703, 1277, 1473, 1735, 1350, 1483, 889, 908, 858, 965, 1251, 1219, 1200, 778, 591, 593, 608, 597, 620, 625, 644, 630, 622, 626, 596, 589, 567, 560, 571, 550, 561, 564, 569, 533, 537, 528, 511, 603, 1261, 964, 1077, 1287, 1209, 1645, 2191, 1770, 1765, 1799, 1527, 1728, 1457, 1389, 1882, 2225, 1924, 995, 1054, 692, 548, 665, 1054, 1104, 1230, 1074, 908, 556, 872, 1621, 1829, 1402, 1147, 559, 578, 1083, 1771, 1531, 1528, 1332, 1504, 1748, 2228, 1729, 1574, 964, 1139, 861, 1209, 1447, 1567, 1975, 2231, 2587, 2546, 2136, 2216, 959, 763, 721, 670, 662, 663, 668, 697, 657, 666, 701, 730
669, 670, 646, 625, 622, 617, 605, 636, 646, 635, 618, 634, 650, 665, 667, 662, 643, 645, 620, 657, 643, 842, 1432, 1686, 1619, 1513, 1599, 1116, 1024, 1288, 1353, 1304, 967, 1060, 619, 599, 614, 618, 594, 602, 603, 608, 614, 622, 587, 581, 563, 555, 558, 588, 582, 597, 568, 547, 550, 535, 519, 566, 981, 1229, 1065, 1417, 1137, 1050, 1562, 1616, 1462, 1381, 1405, 1881, 2334, 2446, 2517, 2723, 2742, 2334, 930, 640, 586, 536, 544, 800, 1111, 1257, 1115, 815, 557, 535, 612, 533, 536, 526, 579, 756, 965, 1088, 944, 1007, 1374, 1689, 1388, 1350, 967, 750, 745, 791, 841, 925, 1019, 1594, 2522, 1973, 2259, 2446, 2390, 904, 721, 794, 736, 668, 644, 660, 689, 694, 674, 677, 723, 708
748, 731, 651, 658, 661, 653, 619, 654, 652, 647, 623, 631, 654, 688, 679, 656, 632, 677, 650, 629, 613, 1099, 1563, 1583, 1615, 1301, 1515, 1323, 1296, 1434, 1470, 1383, 1007, 1014, 629, 592, 597, 603, 588, 605, 610, 588, 603, 722, 615, 584, 556, 543, 563, 575, 570, 583, 563, 555, 558, 829, 970, 731, 809, 1307, 1098, 1402, 1246, 980, 1172, 1197, 1366, 1390, 1797, 2692, 2616, 2938, 2553, 2359, 2512, 2217, 1838, 627, 567, 554, 521, 546, 884, 1040, 980, 790, 586, 561, 549, 531, 541, 542, 701, 863, 827, 1035, 822, 931, 1204, 1208, 916, 1001, 1191, 837, 905, 963, 732, 1000, 1159, 2403, 1963, 2407, 1502, 2110, 2459, 2378, 802, 823, 703, 654, 640, 674, 654, 697, 750, 730, 699, 689
714, 697, 654, 676, 681, 646, 619, 657, 630, 626, 652, 668, 665, 692, 661, 625, 647, 644, 640, 647, 631, 736, 1160, 1376, 1259, 1322, 1208, 1091, 1470, 1395, 1692, 1499, 1125, 612, 602, 588, 589, 591, 604, 623, 632, 600, 1228, 1507, 1151, 722, 575, 588, 604, 557, 560, 554, 531, 524, 939, 1314, 1233, 1037, 750, 1076, 1155, 1220, 1059, 1225, 1403, 1098, 1199, 913, 1864, 2358, 2929, 3162, 2621, 2614, 2221, 1855, 1461, 566, 527, 540, 508, 548, 599, 609, 586, 558, 591, 575, 548, 554, 569, 595, 537, 535, 780, 2119, 2045, 2082, 1390, 1342, 1404, 1869, 1872, 1070, 725, 1035, 826, 890, 1504, 2407, 1912, 3137, 1359, 1895, 2661, 2408, 809, 701, 662, 665, 664, 750, 711, 673, 674, 692, 699, 711
663, 619, 671, 679, 666, 625, 611, 634, 632, 635, 671, 666, 644, 642, 639, 625, 618, 638, 657, 667, 621, 641, 647, 1126, 1131, 1371, 1483, 1614, 1504, 1447, 1546, 1580, 1450, 769, 598, 619, 641, 600, 609, 620, 607, 881, 1421, 1416, 1592, 1526, 1058, 1235, 1209, 1011, 796, 686, 735, 1074, 1145, 1377, 1306, 1161, 951, 909, 1115, 842, 1360, 1414, 2101, 2225, 2083, 1651, 2233, 1995, 2368, 2265, 1763, 2001, 1650, 1037, 575, 550, 540, 536, 526, 540, 606, 595, 582, 558, 567, 569, 537, 538, 554, 682, 595, 562, 2027, 2086, 2484, 2558, 1946, 2463, 2930, 1640, 1763, 1871, 1261, 850, 808, 841, 1869, 2422, 2005, 2606, 1996, 1873, 2768, 2345, 2556, 2519, 729, 639, 1717, 2002, 2251, 1319, 698, 700, 720, 729
627, 576, 627, 628, 627, 626, 614, 628, 615, 621, 642, 632, 614, 680, 688, 630, 618, 622, 616, 643, 687, 739, 701, 689, 1053, 1608, 1681, 1594, 1782, 1755, 1729, 1528, 1451, 764, 607, 624, 640, 582, 610, 596, 598, 739, 1440, 1535, 1625, 1494, 1528, 1307, 1399, 1289, 1355, 1255, 1097, 1331, 1393, 1406, 1473, 1230, 798, 516, 635, 1051, 1955, 2241, 1618, 2356, 2271, 1758, 1856, 2016, 2183, 1782, 1284, 1408, 1599, 582, 557, 558, 546, 532, 522, 529, 575, 576, 583, 562, 546, 557, 557, 544, 557, 636, 1085, 2983, 2802, 2414, 2243, 2226, 2364, 1873, 2463, 2587, 2310, 2305, 1521, 1822, 1051, 886, 2562, 2192, 1415, 1920, 1296, 2538, 2274, 1371, 1416, 2021, 1130, 1947, 1867, 2755, 2390, 2487, 1802, 708, 716, 678
621, 572, 700, 800, 619, 643, 620, 618, 631, 632, 642, 614, 608, 645, 655, 617, 616, 626, 637, 657, 694, 742, 752, 830, 1390, 1365, 1868, 1421, 1760, 1680, 1609, 1476, 1066, 632, 609, 801, 1048, 936, 680, 743, 986, 693, 743, 1474, 1492, 1743, 1382, 1431, 1366, 1482, 1421, 1403, 1559, 1319, 1451, 1421, 1175, 1209, 877, 524, 1014, 2504, 2201, 2711, 2658, 2158, 2439, 1855, 1462, 2322, 2073, 1608, 1455, 1430, 1340, 584, 539, 566, 552, 533, 521, 506, 533, 530, 550, 547, 560, 559, 571, 554, 550, 2148, 2836, 2860, 2653, 2350, 2367, 3032, 3083, 3152, 2213, 2066, 1677, 1684, 1579, 1477, 854, 889, 1739, 1351, 1512, 2425, 1589, 1596, 1978, 1751, 1708, 1693, 1748, 2414, 2682, 2476, 2731, 2065, 2569, 2306, 1348, 708
775, 1055, 1264, 1299, 715, 605, 622, 618, 612, 619, 642, 633, 625, 610, 628, 601, 650, 662, 669, 686, 648, 678, 997, 1533, 1729, 1564, 1870, 1815, 1595, 1387, 1537, 1799, 1065, 627, 626, 686, 1245, 1039, 1112, 1044, 732, 554, 708, 1294, 1446, 1384, 1333, 1416, 1542, 1431, 1473, 1371, 1298, 1536, 1597, 1330, 1099, 1023, 1155, 2019, 1875, 1945, 2521, 2251, 1950, 2591, 2782, 3488, 3213, 3193, 3184, 2971, 1427, 1309, 858, 581, 572, 573, 573, 544, 524, 501, 521, 537, 564, 567, 552, 550, 556, 549, 548, 2476, 2481, 2516, 2744, 2819, 2635, 2792, 2714, 3285, 3210, 2250, 2451, 1513, 1166, 1403, 1201, 699, 1893, 2188, 1367, 1604, 1470, 1393, 1775, 1474, 1731, 2621, 2844, 1801, 2709, 2143, 1804, 2250, 2604, 2459, 2256, 1731
1364, 1093, 1291, 1318, 1279, 702, 592, 596, 601, 596, 637, 641, 641, 633, 643, 633, 631, 682, 669, 669, 659, 641, 905, 1499, 1746, 1531, 1561, 1497, 1871, 2069, 1744, 1567, 648, 622, 623, 715, 874, 854, 1169, 1043, 847, 557, 1103, 1280, 1391, 1083, 1703, 1561, 1901, 1790, 1791, 1376, 1708, 1542, 1719, 2165, 2308, 2321, 2137, 2062, 2402, 2214, 2648, 1691, 2372, 3077, 2769, 2738, 2810, 2908, 2890, 3020, 2746, 1495, 1249, 568, 591, 612, 609, 554, 515, 511, 526, 533, 578, 555, 564, 591, 560, 1644, 2693, 2666, 2787, 2926, 2972, 2684, 2318, 2428, 2829, 2834, 2872, 1740, 2645, 1930, 1440, 938, 1314, 1481, 2054, 2339, 2646, 1572, 1532, 1883, 2153, 2374, 2523, 3057, 2625, 2048, 2067, 1377, 2216, 1663, 1637, 2151, 2099, 2317
1635, 1398, 1352, 1199, 1130, 609, 592, 616, 597, 613, 618, 644, 620, 613, 619, 633, 628, 644, 666, 672, 666, 662, 1121, 1257, 1390, 1787, 2375, 2365, 2190, 1692, 1965, 1850, 1070, 1461, 1423, 760, 632, 566, 822, 852, 856, 991, 1297, 1425, 1677, 1639, 1926, 1761, 1803, 1836, 1463, 1457, 1674, 1846, 2220, 2299, 2287, 2275, 1699, 1881, 1915, 2584, 1929, 2012, 2790, 2634, 2523, 2449, 2720, 2556, 2577, 2737, 2842, 3006, 1655, 743, 592, 604, 596, 566, 512, 506, 529, 563, 578, 572, 567, 2881, 2590, 2330, 2803, 2636, 2568, 2743, 2860, 2372, 2161, 2292, 1977, 3005, 2824, 2188, 1749, 1648, 1445, 993, 675, 1702, 1435, 2629, 2663, 1649, 1785, 1367, 1242, 1665, 1350, 2320, 1656, 1416, 1772, 2837, 2499, 1770, 2391, 2300, 2453, 2501
1799, 1663, 1742, 1503, 1395, 666, 681, 628, 614, 617, 639, 647, 631, 607, 635, 646, 613, 630, 657, 642, 618, 640, 687, 1091, 1958, 2470, 2534, 2234, 2444, 2138, 1610, 1856, 2079, 2270, 1957, 1479, 603, 879, 903, 746, 1081, 1286, 1319, 1353, 1255, 1388, 1685, 1429, 1597, 1403, 1331, 1828, 1922, 1855, 2217, 1925, 1629, 2207, 2257, 1398, 1870, 2166, 2295, 2794, 2332, 2292, 2383, 2334, 2359, 2466, 2239, 2409, 2680, 2809, 2816, 2655, 2711, 2390, 581, 549, 518, 523, 542, 571, 573, 585, 2366, 3720, 3040, 3176, 3129, 3274, 2403, 2150, 2281, 2240, 2191, 2244, 2246, 2129, 2692, 2982, 2691, 2207, 1841, 1453, 1560, 1659, 1496, 1894, 1187, 2099, 1622, 1448, 3097, 2701, 2750, 1059, 1628, 2157, 2094, 2381, 2798, 2597, 2336, 1690, 1697, 1706
1814, 1825, 1469, 1789, 1919, 1589, 1449, 697, 599, 597, 623, 639, 652, 731, 672, 676, 622, 639, 643, 649, 624, 637, 637, 997, 1735, 2372, 1912, 2328, 2423, 1896, 1918, 1794, 1706, 1881, 1717, 628, 609, 1082, 922, 932, 1225, 1327, 1314, 1373, 1358, 1241, 1345, 1392, 1116, 1834, 1375, 1667, 2272, 2240, 1812, 2104, 2025, 2285, 1879, 1149, 1544, 2367, 2466, 2412, 2108, 1863, 1802, 2113, 2170, 2203, 2379, 2278, 2493, 2592, 2651, 3082, 2435, 2188, 555, 537, 540, 526, 534, 581, 590, 596, 1287, 3079, 3728, 3614, 3793, 3310, 2963, 3396, 2859, 2880, 2938, 1938, 2301, 2400, 2556, 2396, 2418, 1757, 1472, 1201, 1278, 1345, 1368, 1370, 997, 2808, 2738, 2781, 2569, 2877, 3063, 2786, 1151, 841, 1692, 1763, 1905, 2267, 2225, 2021, 1805, 1326
1932, 1855, 1751, 1980, 1646, 1630, 1642, 1241, 642, 635, 623, 603, 618, 695, 714, 623, 617, 604, 620, 621, 631, 633, 645, 1345, 2813, 2504, 2632, 2410, 1722, 1400, 1431, 1402, 1565, 1577, 1002, 620, 900, 1223, 1062, 1006, 1289, 1275, 1271, 1564, 1299, 1726, 1251, 1264, 1480, 1408, 1215, 2015, 1920, 2358, 1914, 1496, 1680, 1909, 1347, 1448, 1330, 2309, 1708, 2260, 2016, 2139, 2210, 2058, 2041, 3306, 1341, 2458, 2449, 2548, 2623, 2756, 2393, 2206, 618, 537, 535, 564, 578, 582, 578, 610, 2455, 3147, 3598, 3767, 3577, 3231, 3383, 3316, 2775, 1551, 1771, 1862, 2368, 2648, 2386, 1422, 1328, 1352, 1277, 1266, 1065, 1271, 1359, 2360, 2637, 2400, 2800, 3121, 3097, 1885, 2730, 2580, 2752, 2957, 1031, 1537, 1355, 1729, 2532, 2040, 1570, 2080
2078, 2049, 1872, 1783, 2054, 1718, 1965, 1697, 870, 645, 641, 626, 598, 597, 618, 615, 634, 624, 615, 642, 639, 621, 651, 2192, 2372, 2758, 2782, 2435, 1774, 1447, 1611, 1646, 1243, 1465, 1728, 708, 1105, 1062, 1202, 1100, 1246, 1298, 1339, 1435, 1376, 1086, 1405, 1432, 1174, 1248, 1689, 2027, 1951, 2451, 2428, 2320, 1540, 1691, 1754, 2525, 2511, 2858, 2901, 2206, 2822, 2496, 2837, 2105, 1924, 2023, 2110, 2235, 2421, 2394, 2610, 2809, 2486, 2314, 577, 530, 557, 564, 566, 562, 852, 598, 2411, 3743, 3241, 3042, 3267, 2581, 2299, 3075, 2969, 2860, 1403, 2351, 1373, 2595, 2441, 1455, 955, 1638, 2348, 2674, 1310, 1008, 2187, 3162, 2089, 2368, 2244, 1759, 2742, 3113, 2082, 2667, 3221, 2486, 2001, 1366, 1807, 1758, 2544, 2153, 1409, 2084
1630, 2297, 1994, 1747, 2254, 1872, 2097, 1617, 1543, 646, 641, 645, 643, 635, 641, 618, 624, 634, 636, 654, 664, 630, 643, 1777, 2607, 1943, 1998, 2371, 1804, 1606, 1753, 1785, 1589, 1411, 1606, 978, 843, 896, 987, 1024, 1172, 1325, 1396, 1473, 1487, 1382, 1403, 1248, 1355, 1562, 1572, 1976, 2299, 2298, 2368, 1566, 2225, 2475, 2902, 2585, 2862, 2370, 3030, 2214, 2073, 3046, 2960, 1810, 1809, 2026, 1934, 2066, 2296, 2345, 2562, 2547, 2221, 1891, 582, 529, 547, 555, 748, 2286, 2231, 943, 2487, 2530, 3237, 2112, 3202, 2236, 1680, 3186, 2961, 2804, 1848, 1658, 2666, 2167, 3022, 2805, 1500, 1860, 2482, 2622, 2385, 1438, 1443, 2567, 2306, 2310, 2592, 2624, 1978, 3088, 1357, 2199, 2848, 3008, 2582, 2578, 1745, 2250, 2101, 1952, 1668, 1514
1660, 2254, 2449, 1882, 2160, 1742, 2177, 1920, 1804, 1759, 967, 615, 635, 635, 638, 631, 642, 644, 635, 642, 651, 1436, 2142, 2652, 2387, 2688, 2181, 1753, 1669, 1234, 1390, 1515, 1381, 1006, 859, 668, 621, 634, 733, 712, 802, 1346, 1458, 1474, 1307, 1449, 1375, 1191, 1272, 1158, 1446, 1907, 1874, 2043, 1522, 1875, 2192, 2637, 2508, 2450, 2367, 1841, 1916, 2233, 2786, 1783, 2690, 1701, 1692, 1817, 1975, 1999, 1902, 2352, 2511, 2778, 1616, 2465, 573, 556, 2070, 2518, 2552, 2812, 2794, 2756, 2442, 2413, 2735, 2581, 3053, 2655, 3022, 2475, 2544, 2751, 1618, 1446, 2449, 2680, 2667, 3126, 1681, 2051, 2253, 2883, 2344, 3122, 2851, 2556, 1675, 1972, 1641, 2286, 2290, 2370, 2381, 3090, 2387, 2509, 2637, 2019, 1652, 1795, 2297, 2077, 1870, 2044
1971, 2421, 2415, 1926, 1914, 2376, 1888, 1967, 1691, 1489, 1513, 652, 616, 628, 610, 637, 634, 629, 661, 673, 1053, 2406, 2777, 2712, 2339, 1882, 2092, 2164, 1705, 1712, 1661, 1440, 1485, 862, 676, 758, 720, 599, 595, 592, 574, 861, 1202, 1238, 1100, 997, 1220, 1148, 1275, 1175, 1046, 1577, 1778, 1678, 1308, 1886, 1951, 2632, 2609, 2471, 2514, 2039, 1543, 2562, 2089, 1841, 1706, 1817, 1826, 1817, 2030, 1922, 2099, 2259, 2540, 2025, 2101, 1807, 597, 560, 2540, 1918, 1782, 2225, 2166, 2656, 2517, 2798, 2568, 2608, 2077, 2142, 2336, 2491, 2156, 1653, 1263, 2056, 2197, 1355, 1848, 2597, 1764, 1857, 2691, 2192, 1880, 2655, 2244, 2767, 2750, 1442, 2712, 2861, 2540, 2682, 2924, 1626, 1808, 2724, 2828, 2474, 1554, 1907, 1227, 1825, 1483, 1547
1772, 2045, 2407, 2233, 1419, 2373, 2186, 1815, 1867, 1714, 1727, 660, 604, 641, 639, 647, 639, 623, 640, 679, 817, 1925, 2324, 1731, 2611, 2057, 2193, 1197, 887, 1131, 868, 721, 850, 645, 674, 696, 651, 613, 603, 607, 631, 612, 849, 897, 698, 1159, 1153, 1007, 1132, 1003, 1240, 1763, 1691, 1667, 1605, 1941, 2197, 1988, 2542, 2807, 2354, 2528, 2560, 2750, 2459, 2179, 1991, 1569, 1812, 1893, 2032, 2113, 2317, 2390, 2716, 2067, 1910, 1870, 586, 1492, 1961, 2522, 1963, 2063, 1915, 2438, 2308, 2545, 2471, 1997, 2812, 2358, 2076, 2239, 2328, 1223, 907, 1820, 1610, 2018, 2168, 1778, 1582, 2181, 2135, 2882, 1872, 2420, 1353, 2118, 1795, 2338, 2158, 2829, 2329, 2092, 1363, 1627, 1359, 1992, 2577, 2836, 2291, 1506, 1505, 1531, 1686, 1842
1590, 2002, 2395, 2309, 1818, 1927, 1932, 1963, 1883, 1702, 1948, 822, 613, 589, 624, 671, 706, 624, 630, 647, 648, 653, 1880, 1830, 1894, 1734, 1190, 694, 732, 680, 674, 723, 738, 653, 665, 645, 625, 633, 604, 609, 620, 624, 629, 647, 608, 663, 614, 572, 581, 583, 625, 1491, 1349, 1522, 1794, 2748, 3035, 2403, 2665, 2271, 2206, 2390, 2258, 2447, 2352, 2287, 1824, 1852, 2015, 2041, 1979, 2250, 2266, 2393, 1361, 1397, 1303, 837, 773, 1721, 1469, 2362, 2627, 2388, 2348, 2152, 1436, 2221, 2314, 2305, 1912, 2353, 1560, 2340, 1082, 1016, 1104, 875, 1258, 1699, 2330, 1811, 1323, 1896, 1969, 1968, 2300, 2273, 2145, 2156, 1346, 2284, 1880, 2050, 1721, 1990, 1845, 2381, 2626, 3009, 2998, 2374, 2525, 2896, 2863, 1821, 1712, 1214
1466, 1878, 2299, 1854, 2371, 2073, 2520, 1985, 1886, 1898, 1984, 1524, 816, 621, 611, 650, 692, 690, 653, 627, 625, 643, 688, 1607, 1684, 724, 723, 732, 735, 682, 680, 753, 726, 710, 664, 660, 625, 625, 617, 628, 629, 658, 653, 620, 631, 635, 615, 572, 587, 584, 594, 1360, 1322, 2891, 3204, 3355, 3390, 3032, 3210, 2122, 2297, 2520, 2365, 2254, 2028, 2614, 2361, 2054, 1934, 2059, 2252, 2227, 1708, 922, 726, 700, 560, 558, 722, 1964, 1544, 2068, 1379, 1412, 1515, 1508, 1603, 2087, 1918, 1894, 2388, 2470, 2190, 1387, 640, 1182, 885, 1146, 1469, 2137, 1752, 1298, 1856, 1796, 1771, 1818, 1505, 2216, 1529, 1319, 1469, 1228, 1518, 1615, 1540, 1881, 1509, 1331, 897, 2471, 2630, 1506, 2113, 2590, 2840, 2282, 1430, 794
1612, 1594, 2527, 2445, 2178, 2185, 2007, 1821, 1730, 1840, 1803, 1777, 879, 650, 636, 685, 659, 670, 636, 648, 657, 621, 638, 678, 665, 662, 716, 721, 718, 689, 677, 692, 680, 693, 686, 640, 642, 636, 633, 649, 639, 648, 634, 680, 696, 644, 589, 573, 586, 621, 2936, 3393, 2631, 3089, 1693, 3025, 2573, 2357, 2332, 2233, 2600, 2656, 3049, 2297, 2502, 1977, 1914, 1469, 793, 1405, 1694, 1999, 889, 1706, 862, 1320, 571, 553, 1320, 1605, 2189, 2414, 1348, 1883, 2342, 1683, 1615, 1225, 2018, 1556, 1408, 1399, 950, 883, 911, 1061, 944, 939, 1770, 2274, 2224, 1823, 1049, 1721, 2181, 1837, 2003, 1302, 1572, 1443, 1593, 1498, 2198, 2624, 2512, 2763, 2765, 1801, 1449, 2087, 1945, 2208, 1958, 2481, 2457, 2409, 1035, 761
1739, 2557, 1903, 2521, 2351, 2533, 2090, 2199, 1883, 1911, 1937, 1693, 735, 695, 670, 640, 646, 642, 622, 643, 650, 640, 657, 717, 678, 651, 711, 706, 711, 723, 691, 670, 657, 667, 652, 641, 643, 652, 646, 636, 651, 656, 666, 719, 700, 662, 614, 579, 2164, 2714, 2649, 1774, 2496, 2637, 3232, 2471, 3662, 2455, 2740, 2539, 2246, 2939, 2414, 2450, 2007, 2460, 2771, 1603, 1333, 1851, 2360, 1724, 1631, 2124, 2013, 2366, 856, 586, 1645, 1495, 1399, 2070, 1001, 1013, 1350, 1419, 1818, 1925, 1979, 1557, 1166, 1034, 821, 823, 888, 859, 1200, 1312, 1374, 1829, 2374, 1506, 1762, 1046, 1515, 1277, 952, 1264, 1223, 1890, 1801, 2510, 1358, 1537, 2322, 2195, 1962, 2119, 2251, 2040, 2480, 1959, 2676, 2619, 2089, 2152, 2451, 2799
2146, 2352, 1822, 2060, 2656, 1982, 1492, 1799, 2321, 1840, 1992, 1585, 652, 663, 666, 634, 665, 688, 667, 662, 650, 643, 633, 743, 669, 664, 670, 705, 716, 700, 675, 640, 669, 670, 640, 653, 646, 663, 667, 679, 679, 639, 670, 741, 704, 643, 608, 2593, 2811, 2140, 2940, 2903, 2470, 2804, 3048, 2963, 2987, 2521, 2521, 2515, 3059, 3347, 2411, 3463, 2996, 2780, 2209, 3106, 2651, 2917, 1759, 2095, 2788, 3164, 2222, 2015, 2259, 2348, 1177, 1446, 1423, 1297, 1606, 2153, 2299, 2037, 1907, 2026, 1539, 1011, 883, 972, 864, 916, 1059, 861, 1282, 1522, 1781, 2096, 2147, 1453, 1891, 1213, 1201, 1323, 1210, 1145, 880, 1129, 1947, 2069, 1676, 1454, 1695, 1735, 1424, 1147, 1785, 2279, 1909, 2064, 2147, 1729, 1735, 2524, 2949, 2352
1996, 2183, 1895, 2147, 2040, 1839, 1779, 2259, 2545, 2291, 2067, 1757, 1009, 672, 683, 621, 642, 661, 676, 671, 665, 644, 666, 669, 669, 671, 672, 683, 695, 696, 655, 645, 654, 654, 647, 657, 671, 685, 670, 694, 686, 649, 675, 717, 677, 652, 2439, 3133, 3591, 3142, 2846, 2043, 3086, 2853, 2952, 3038, 2295, 2712, 2447, 3414, 3289, 3666, 3184, 3602, 2066, 2214, 2581, 3022, 3668, 3404, 2805, 2519, 2283, 2988, 2630, 2445, 2617, 2435, 2470, 1071, 1442, 1300, 2598, 2453, 1623, 1855, 1487, 1294, 1783, 943, 934, 1074, 1284, 1250, 982, 1263, 1282, 1460, 2091, 1710, 1996, 2087, 1869, 1348, 1018, 910, 913, 1188, 1007, 1509, 1348, 1654, 1766, 2154, 1234, 1665, 2014, 1834, 1912, 889, 931, 1331, 1158, 1703, 2591, 2476, 2435, 2675
2237, 2382, 2395, 1869, 1953, 1852, 2531, 1593, 2038, 2046, 2001, 1949, 1629, 965, 640, 605, 644, 647, 654, 661, 659, 673, 690, 680, 673, 702, 707, 683, 674, 673, 672, 659, 649, 648, 668, 679, 669, 662, 667, 685, 682, 666, 716, 692, 657, 2802, 2919, 3100, 2295, 1561, 2238, 2679, 2391, 1954, 2098, 1931, 2484, 2451, 2345, 1858, 2878, 1708, 2342, 3095, 3567, 3385, 2611, 2394, 2084, 2845, 2582, 2721, 3278, 3559, 2901, 3313, 2747, 3194, 2827, 1575, 2454, 2714, 2785, 2076, 1760, 1883, 1425, 1425, 1771, 1557, 956, 1143, 1257, 1193, 1324, 1349, 1284, 1400, 1544, 2251, 976, 1699, 2269, 1775, 1134, 1111, 1115, 1062, 1191, 1570, 1854, 2026, 1978, 2174, 2120, 1921, 1952, 1397, 1474, 1849, 1544, 1817, 1903, 2029, 2279, 2693, 2348, 2549
1647, 2477, 2188, 2247, 1958, 1955, 1833, 1629, 1981, 2178, 1817, 1831, 1792, 1546, 1038, 631, 912, 820, 670, 671, 648, 641, 652, 668, 667, 683, 715, 677, 669, 668, 658, 662, 660, 664, 665, 682, 654, 659, 659, 673, 665, 686, 675, 2648, 3173, 2588, 3262, 2477, 3143, 3107, 2026, 2158, 2726, 3404, 2323, 2587, 2611, 2397, 2627, 2572, 2449, 2456, 2074, 2646, 2170, 2904, 2474, 2346, 2182, 2453, 2660, 2873, 3452, 3416, 2127, 3186, 2021, 3296, 2575, 2204, 1676, 1969, 1455, 2169, 2057, 1396, 614, 1258, 952, 956, 916, 941, 1185, 1318, 1348, 1234, 1127, 1622, 2198, 2486, 1212, 1885, 1563, 1988, 1051, 1327, 1004, 1061, 1506, 1197, 849, 1324, 775, 812, 765, 1354, 1096, 1308, 1297, 1029, 2059, 1556, 1991, 1968, 1702, 2461, 1409, 2572
1850, 2017, 1815, 1941, 2471, 2095, 1880, 1783, 1833, 1589, 1637, 1779, 1480, 1481, 1234, 1138, 1393, 1425, 929, 639, 636, 642, 660, 660, 652, 647, 668, 679, 701, 689, 663, 675, 687, 698, 698, 680, 661, 674, 657, 669, 696, 666, 2415, 2914, 3308, 1993, 3393, 2380, 2978, 2996, 2747, 3068, 2862, 2174, 2431, 2343, 2371, 2379, 2205, 2043, 2983, 3388, 3736, 3505, 2797, 1735, 3061, 2528, 2424, 2719, 2678, 2277, 2051, 3131, 3106, 2766, 2800, 2479, 2848, 2446, 1581, 1978, 1921, 1781, 1559, 626, 557, 933, 955, 850, 979, 1256, 1362, 1364, 1348, 1402, 1402, 1679, 2531, 2628, 2657, 2129, 1852, 1924, 928, 1377, 1062, 1026, 1064, 1023, 1048, 915, 908, 1868, 1871, 1039, 1329, 1394, 1200, 1576, 1822, 1869, 1072, 1504, 1400, 2683, 2477, 2225
1579, 1730, 2275, 1687, 2151, 2675, 2259, 1948, 1862, 1854, 1921, 2063, 1803, 1763, 1277, 1364, 1337, 1484, 1449, 1371, 629, 627, 646, 667, 674, 655, 671, 691, 721, 661, 689, 692, 686, 691, 753, 713, 663, 671, 654, 694, 692, 2805, 2477, 2996, 2946, 3189, 2894, 2807, 1656, 2307, 2436, 2704, 2922, 2202, 2357, 1698, 2421, 2378, 3530, 3477, 2656, 3834, 2348, 3064, 2814, 3300, 2799, 2562, 3201, 3282, 2621, 2524, 3000, 2304, 2983, 2696, 2831, 2802, 2941, 2711, 2457, 1826, 949, 629, 1185, 623, 521, 806, 906, 1065, 1254, 1204, 1259, 1294, 1368, 1267, 1447, 1944, 2630, 2775, 2519, 1463, 942, 1023, 1236, 1653, 1385, 1314, 1199, 1495, 1152, 1042, 1780, 1769, 1558, 1492, 1710, 1139, 1179, 902, 1142, 1821, 1912, 1719, 2243, 2421, 2696, 2243
1437, 2491, 2456, 2670, 2467, 1879, 1703, 1969, 1780, 2194, 1593, 1738, 1270, 1411, 1161, 1293, 1412, 1389, 1337, 1300, 763, 617, 630, 651, 660, 675, 719, 693, 697, 686, 696, 691, 694, 658, 710, 714, 697, 663, 659, 673, 748, 2617, 2941, 2838, 2792, 2308, 3055, 1841, 2993, 2280, 2219, 1697, 2052, 1768, 2210, 2087, 3195, 2053, 2825, 2709, 2329, 1908, 3042, 1711, 3439, 1782, 1741, 2517, 3215, 3231, 3134, 3326, 2444, 1642, 3482, 2673, 2773, 2813, 2970, 2787, 3092, 2375, 1537, 594, 585, 554, 526, 631, 880, 1089, 1247, 1383, 1380, 1318, 1021, 951, 1547, 2244, 2531, 2829, 2540, 1648, 961, 1076, 1028, 2133, 1901, 1880, 1497, 1792, 2177, 1212, 1786, 2285, 876, 1307, 1801, 1087, 1345, 890, 1181, 1891, 1827, 1348, 1538, 1990, 1853, 2135
2657, 2072, 1729, 2878, 2148, 2254, 2547, 2138, 1987, 1871, 1675, 1653, 1214, 1419, 1044, 1222, 1397, 1472, 1436, 1443, 907, 693, 624, 633, 641, 690, 734, 706, 688, 683, 675, 664, 688, 717, 714, 696, 668, 670, 662, 1048, 2629, 2993, 2745, 3305, 2066, 2958, 2426, 2368, 3338, 3355, 2184, 2242, 3382, 3407, 2444, 2230, 2986, 2498, 2765, 2019, 2085, 2079, 1741, 1924, 2009, 2248, 2076, 2682, 1692, 1559, 2775, 3031, 3393, 2349, 3057, 2401, 2521, 2964, 2865, 3749, 3389, 3229, 2226, 585, 603, 573, 515, 485, 769, 990, 1267, 1275, 1234, 1350, 1193, 1126, 1770, 2346, 2517, 2896, 2670, 2606, 2717, 2020, 2628, 2732, 2714, 1794, 1857, 1402, 1951, 1338, 1341, 1720, 2097, 1549, 1454, 1432, 1297, 829, 1274, 1444, 1815, 1229, 1815, 2231, 2281, 1919
2411, 1549, 1444, 1546, 1951, 1914, 2326, 1540, 2040, 1895, 1796, 1586, 1739, 1353, 1069, 1106, 1312, 1312, 1381, 1503, 1266, 647, 654, 622, 625, 652, 728, 708, 697, 670, 682, 669, 690, 712, 690, 678, 697, 700, 648, 1491, 2594, 3031, 3350, 2458, 2842, 1883, 2887, 2296, 3100, 3295, 3199, 2677, 2924, 1628, 1793, 1735, 2319, 1878, 3779, 3047, 2273, 2320, 2283, 3051, 2352, 2394, 3007, 2126, 2385, 1834, 1352, 2979, 2834, 2787, 2443, 2476, 2670, 2464, 3317, 2717, 3081, 3197, 3090, 855, 707, 614, 594, 553, 703, 1095, 1264, 1246, 1105, 1235, 1035, 1167, 1530, 1697, 2389, 2068, 2331, 2707, 2865, 2861, 2639, 2756, 2678, 1529, 1563, 1480, 1504, 2478, 2219, 1640, 2212, 1912, 2283, 1510, 1817, 1250, 1517, 1759, 1684, 931, 1439, 1827, 1645, 2520
1856, 1329, 1655, 1476, 2225, 1420, 2191, 1760, 1727, 1826, 1952, 1341, 1873, 1637, 1079, 1128, 1301, 1296, 1299, 1418, 1373, 911, 636, 656, 643, 649, 669, 722, 669, 647, 647, 651, 686, 679, 722, 850, 682, 662, 680, 2398, 1962, 2349, 3183, 3492, 2553, 2792, 2054, 2048, 3489, 2842, 3557, 2529, 2670, 1469, 1946, 1965, 1800, 2329, 2935, 2003, 3400, 2382, 3243, 2031, 2281, 2200, 2647, 2694, 2330, 2439, 2213, 1971, 1918, 2436, 2275, 2542, 2218, 2244, 2762, 2679, 2751, 2720, 1834, 2723, 2294, 648, 597, 871, 1392, 1302, 1142, 1085, 1029, 1018, 964, 1372, 1246, 1803, 1899, 2349, 2658, 2864, 2789, 2991, 2738, 2386, 2398, 2314, 1676, 2331, 1473, 1343, 1553, 2584, 2366, 2234, 1697, 1684, 1635, 1647, 1376, 1412, 1301, 1363, 1212, 1501, 2087, 2306
1713, 1451, 1547, 1815, 1844, 1730, 1956, 1986, 1861, 1384, 1976, 1694, 1639, 1858, 1496, 947, 1384, 1362, 1416, 1303, 1165, 642, 609, 631, 681, 684, 658, 676, 675, 646, 2681, 3633, 2518, 2532, 3338, 2864, 782, 723, 2417, 3068, 3433, 3324, 2561, 2545, 3246, 3000, 2013, 2238, 2727, 2548, 2290, 2281, 1923, 2027, 2020, 2178, 2026, 1887, 1595, 3404, 3053, 2850, 2957, 2567, 2212, 2767, 2801, 3387, 3275, 2399, 2176, 3366, 2739, 2872, 2468, 2386, 3146, 2647, 2119, 2663, 2648, 2412, 2948, 2491, 2552, 622, 1329, 1414, 1156, 1087, 1177, 1154, 1068, 1101, 1305, 1392, 1455, 1092, 1630, 1918, 2217, 2496, 1900, 2942, 2795, 2860, 1404, 1783, 1515, 1616, 2234, 2353, 1513, 1657, 1751, 1517, 1694, 2486, 1783, 1817, 1748, 1528, 1384, 1721, 1361, 1469, 2058, 2084
1642, 1421, 1664, 1509, 1638, 1526, 2053, 2006, 2316, 1523, 1846, 2041, 1800, 1812, 1667, 967, 941, 1211, 1018, 1167, 1060, 659, 689, 601, 627, 652, 665, 651, 688, 671, 766, 2908, 2734, 2484, 2142, 3088, 823, 873, 2284, 2426, 2569, 2718, 3408, 2099, 3055, 1193, 1914, 2053, 2506, 2051, 1819, 1623, 1809, 2491, 2106, 2134, 2513, 1958, 3115, 2177, 2024, 2531, 1194, 1553, 3807, 2740, 2767, 2596, 3658, 2088, 2971, 2451, 2919, 1887, 2238, 2464, 2347, 2546, 2568, 3184, 2190, 2674, 2873, 2697, 2762, 711, 1233, 1308, 893, 1222, 1120, 1054, 1047, 1288, 1004, 1120, 1371, 1304, 995, 1127, 1620, 2031, 1738, 1854, 2959, 2705, 2874, 2085, 1818, 1763, 1412, 1442, 2239, 2307, 1513, 1821, 1874, 1811, 1840, 1739, 1785, 2336, 1520, 1374, 1482, 1459, 2103, 1829
2574, 1562, 1575, 1673, 1692, 1542, 1634, 1419, 1875, 1790, 1368, 1369, 1760, 1558, 1494, 900, 1265, 1240, 1278, 1049, 661, 698, 737, 662, 646, 657, 632, 604, 649, 714, 1248, 2393, 3279, 1475, 1864, 1886, 2336, 2345, 2435, 1785, 2905, 2458, 1935, 1940, 2483, 1183, 2483, 2144, 1856, 1994, 1745, 2173, 3197, 2495, 2211, 1896, 1818, 3238, 3320, 2813, 1539, 1777, 2059, 2808, 1840, 1510, 1702, 2375, 2738, 3069, 2854, 3158, 2336, 2399, 2356, 2319, 2168, 2212, 2448, 2882, 3263, 3082, 2712, 3233, 2299, 719, 1240, 970, 941, 1249, 1176, 963, 1025, 1116, 1166, 1278, 1477, 990, 1142, 1248, 1834, 2001, 1649, 2503, 2665, 2968, 1313, 1866, 2660, 1475, 1334, 1368, 1836, 2085, 2114, 2894, 1910, 1693, 2516, 2468, 2188, 3001, 2963, 1372, 1833, 1192, 1734, 1923
2433, 1729, 1574, 1613, 1578, 1721, 1611, 1708, 1342, 1388, 1294, 1368, 1473, 1829, 2023, 713, 790, 1161, 1207, 981, 1768, 1839, 1489, 1258, 1029, 1378, 812, 639, 1671, 3189, 2684, 2630, 2221, 2505, 2025, 2344, 2392, 2347, 2189, 2869, 3004, 2804, 2843, 2322, 2628, 2398, 2868, 3243, 3066, 1917, 1886, 1858, 1951, 1878, 1576, 1644, 1646, 1740, 1520, 1776, 2749, 1789, 1970, 3250, 2079, 2253, 1929, 1635, 2395, 2602, 1483, 2508, 3385, 2244, 2314, 3492, 2966, 3317, 2450, 2802, 2306, 2464, 2463, 2709, 2691, 1203, 1154, 1257, 1163, 1033, 1076, 1250, 1177, 1010, 1174, 1489, 1243, 1274, 1255, 1185, 1137, 1131, 1772, 2150, 1782, 2549, 2093, 1453, 1459, 2362, 2408, 2612, 2347, 1614, 1822, 2600, 2480, 1553, 2455, 2836, 2059, 2162, 2446, 1756, 1388, 1385, 1857, 2156
2434, 2265, 1492, 1472, 1680, 2212, 1481, 1593, 1729, 1289, 878, 1318, 1309, 1810, 2109, 2142, 2019, 2194, 2478, 2102, 2060, 2235, 2261, 2161, 2193, 2296, 1840, 1661, 2662, 2784, 2836, 3178, 2833, 2891, 3301, 3249, 2466, 2003, 1721, 2905, 2334, 2732, 1419, 2047, 2126, 1393, 2001, 1718, 1810, 3225, 1844, 1941, 2038, 1569, 2061, 3237, 2053, 1938, 1912, 1889, 2149, 1859, 1989, 2736, 2143, 2187, 2234, 2055, 1882, 2900, 1782, 3041, 2266, 2273, 3138, 2819, 2878, 3319, 2176, 3212, 2780, 2985, 3299, 3195, 2556, 2243, 945, 954, 960, 960, 1007, 1285, 1222, 994, 1209, 1549, 1464, 1131, 1247, 1233, 1249, 1652, 1644, 1619, 2298, 1890, 2623, 2761, 1785, 1695, 2002, 2162, 1841, 1755, 1484, 1414, 1412, 1438, 2283, 1912, 1787, 3003, 1728, 2678, 1642, 1459, 1596, 1613
2101, 1858, 1869, 1338, 1368, 1420, 1304, 1321, 1283, 1097, 1270, 1969, 2221, 2465, 2346, 2312, 2380, 2484, 2023, 2246, 2475, 2259, 2497, 2702, 2341, 2288, 2021, 2110, 2006, 1942, 2982, 3132, 2490, 2435, 2163, 2757, 2547, 2533, 2288, 1731, 1988, 2879, 1873, 2613, 2250, 2431, 2028, 1954, 1930, 3736, 1864, 3252, 3089, 1799, 2818, 2469, 1640, 1787, 2145, 2026, 2019, 3650, 1990, 2308, 2059, 1956, 3224, 3311, 3518, 1487, 1552, 2749, 2930, 2233, 2118, 1785, 1546, 2444, 2960, 2371, 2740, 2342, 2204, 3064, 1942, 2850, 2592, 931, 867, 920, 979, 1040, 825, 1046, 969, 1255, 1574, 1024, 1263, 1234, 1430, 1718, 2066, 1671, 1354, 2915, 1717, 2598, 2012, 2313, 2616, 1208, 2556, 1609, 1780, 1838, 1597, 1428, 2079, 1819, 2148, 2033, 2442, 2102, 1875, 1400, 1752, 1959
2245, 1933, 1786, 1332, 1576, 1087, 929, 1051, 1232, 1754, 2368, 2460, 2391, 2751, 2721, 2195, 2288, 2606, 2405, 2298, 2311, 2411, 2615, 2680, 2568, 2619, 2469, 2676, 1594, 2162, 1992, 2792, 3006, 1854, 2524, 2786, 2633, 2946, 2273, 1625, 2145, 2695, 2813, 2662, 1305, 2096, 1774, 1864, 1845, 3141, 1720, 1675, 3419, 2387, 1960, 1478, 1735, 2609, 1982, 1682, 1587, 2743, 1994, 1675, 1707, 3621, 1863, 2093, 2379, 3685, 2042, 2018, 1541, 2117, 2136, 3443, 3303, 2956, 2457, 2712, 2588, 2327, 1453, 2330, 3031, 2570, 2067, 916, 890, 952, 975, 858, 954, 1057, 1289, 1073, 980, 1329, 1240, 1508, 1133, 1338, 1724, 1537, 1933, 2378, 2238, 1861, 2043, 1570, 2368, 1516, 1377, 2281, 2557, 1681, 1587, 1702, 2017, 2361, 2932, 2453, 1993, 1883, 2177, 1633, 1710, 1945
2128, 1705, 1622, 1278, 1211, 962, 792, 2293, 2443, 2452, 1905, 2382, 2390, 2350, 2732, 2777, 2483, 2775, 2470, 2444, 2347, 2585, 2615, 2533, 2758, 2638, 2517, 2310, 3015, 2043, 2157, 2114, 2451, 2200, 2465, 1619, 2351, 1280, 862, 2491, 2169, 3091, 2259, 2246, 2666, 1660, 1874, 1869, 2968, 2423, 3023, 1838, 1616, 2302, 1955, 1710, 2348, 1447, 3027, 1686, 1645, 1744, 2217, 1855, 2213, 2179, 1350, 3199, 3781, 3186, 3251, 2128, 2496, 2553, 1798, 1634, 2889, 2826, 1352, 2510, 2595, 2843, 1776, 2228, 3048, 3422, 2393, 989, 887, 947, 890, 951, 1193, 1034, 1238, 1100, 1102, 1151, 1514, 1206, 1179, 1247, 1349, 2006, 2568, 2285, 2206, 2483, 1323, 1404, 1566, 1729, 1434, 1440, 2826, 1780, 1236, 2360, 1596, 1507, 1455, 1771, 1896, 2579, 1670, 1997, 1622, 1745
1178, 912, 874, 877, 1120, 1688, 2183, 2660, 2416, 2382, 2292, 2647, 2568, 2041, 2303, 2237, 2498, 2109, 2126, 2850, 2169, 2736, 2486, 2728, 2524, 2394, 2609, 1899, 2755, 2089, 2511, 1926, 1823, 2624, 3030, 1971, 1583, 2409, 882, 1924, 2176, 2640, 1798, 2922, 2147, 1667, 1752, 3294, 3306, 2215, 1667, 2207, 2536, 3590, 1925, 1896, 1872, 1855, 2560, 1553, 1626, 2705, 2274, 2260, 2472, 1984, 1424, 2764, 2657, 2982, 2435, 2596, 2649, 2817, 2095, 2110, 3016, 2056, 1855, 2865, 2511, 3114, 3445, 3526, 2635, 2494, 3032, 2879, 906, 882, 881, 935, 1181, 962, 1348, 1055, 1359, 1466, 1099, 1137, 1150, 1644, 1415, 1888, 1867, 2528, 1771, 2732, 2216, 1533, 1647, 1609, 1423, 1398, 2284, 1818, 1526, 2494, 1690, 1576, 1418, 2368, 2067, 1757, 1317, 1800, 1751, 1921
824, 755, 741, 908, 1398, 1341, 1976, 2341, 2621, 2371, 1597, 1988, 2136, 2135, 1494, 2190, 2960, 2836, 2411, 2874, 2311, 1819, 3114, 2891, 3072, 2827, 2800, 2633, 2544, 2263, 2585, 2241, 1906, 1809, 2218, 2009, 1346, 1378, 978, 1875, 2065, 3052, 2069, 2702, 3037, 1766, 1737, 1589, 2392, 1431, 2558, 2775, 3249, 2520, 2801, 2658, 3607, 2526, 3181, 1453, 1705, 1537, 1804, 1492, 1511, 1806, 1740, 2950, 2463, 1370, 1608, 2440, 3281, 1724, 2824, 2347, 2858, 2794, 2495, 2103, 1998, 1937, 2735, 3559, 2586, 2970, 2894, 2866, 1194, 1121, 1312, 1077, 1008, 1356, 1147, 1404, 1458, 1365, 1409, 1622, 1847, 1622, 1071, 1109, 2153, 2066, 2252, 1722, 1661, 1541, 1399, 1687, 2078, 1455, 2655, 1821, 1804, 1590, 1497, 1918, 1618, 2651, 1824, 2064, 2271, 1988, 1480, 2056
795, 712, 1367, 1676, 2167, 2144, 2215, 1504, 2850, 2487, 2639, 2875, 2043, 2467, 2247, 2343, 2424, 2736, 2441, 2875, 2833, 2339, 2766, 1903, 2312, 2745, 2365, 1980, 1215, 1618, 1917, 1557, 1890, 2379, 2110, 2320, 1644, 1537, 1515, 1810, 2044, 1953, 2817, 3616, 2411, 1553, 2004, 2695, 1549, 1525, 1608, 1409, 2462, 1243, 2553, 1816, 2195, 2641, 3240, 1977, 3171, 1723, 1635, 1501, 1421, 1774, 1679, 1435, 1508, 1749, 1629, 2632, 3602, 2419, 1661, 1529, 2641, 2095, 2165, 2326, 2691, 2564, 3458, 1897, 2951, 3280, 2784, 3430, 3519, 1452, 1261, 1364, 1014, 1215, 1323, 1357, 1225, 1489, 1178, 1735, 1897, 1762, 1676, 1761, 2055, 1339, 2254, 3099, 1471, 1677, 1404, 1619, 1584, 1630, 2449, 2063, 1733, 1613, 1758, 1943, 1488, 1864, 1699, 2078, 1537, 942, 1407, 1789
744, 820, 1139, 1374, 2100, 1764, 1867, 1913, 2496, 1892, 2638, 2543, 2429, 2734, 2341, 2685, 2875, 2499, 2354, 2085, 2065, 2781, 2513, 2342, 2172, 1990, 2440, 1564, 1086, 1371, 2237, 2187, 1766, 1726, 2052, 1568, 1601, 1560, 1730, 2537, 1779, 2744, 2804, 2903, 1945, 2203, 1391, 1626, 2521, 2870, 1633, 1612, 1508, 1530, 1413, 1423, 2472, 2026, 1963, 1736, 2717, 1549, 1497, 1637, 1745, 3000, 1366, 2218, 1489, 2636, 1328, 2720, 2526, 2461, 1976, 1522, 1790, 2600, 1475, 2304, 1745, 2234, 2337, 3002, 1944, 1389, 2436, 2828, 2812, 1025, 882, 1051, 989, 1004, 848, 1260, 1307, 959, 1291, 1483, 1970, 1317, 1558, 1698, 1316, 1951, 1679, 3284, 1955, 1779, 1652, 1681, 1639, 1808, 1812, 1617, 1775, 1789, 1848, 1548, 2050, 2964, 2333, 1927, 1946, 1431, 1948, 1678
1072, 1418, 1518, 1918, 2579, 2570, 2146, 2353, 2512, 2185, 1902, 2005, 2977, 2417, 2690, 2466, 2556, 2592, 1938, 2297, 2754, 2559, 2443, 2163, 2087, 1759, 1290, 1549, 1368, 2123, 2309, 1336, 2383, 1937, 1864, 1146, 1252, 1658, 2149, 1845, 1998, 2660, 1475, 1794, 2229, 2490, 1578, 3218, 1833, 2720, 1561, 1667, 1642, 1616, 1519, 1570, 1436, 1255, 1652, 1941, 1527, 1556, 2165, 1548, 1372, 2943, 2536, 1623, 2284, 2761, 2338, 2166, 2529, 1426, 3123, 1941, 1578, 2292, 2697, 1816, 1705, 2540, 1661, 1984, 2338, 3269, 1339, 2394, 2919, 3191, 887, 874, 703, 781, 851, 1202, 1216, 1338, 1199, 1419, 1371, 2297, 3082, 3407, 1480, 1466, 1871, 3117, 1786, 1746, 1452, 1655, 1512, 2071, 2443, 1425, 2365, 2901, 1797, 1420, 2568, 2642, 2465, 2207, 2094, 2175, 1904, 2233
1408, 1709, 1931, 2173, 2156, 1583, 2679, 2420, 2288, 2442, 2389, 2801, 2298, 2658, 2545, 2217, 1932, 2687, 2519, 2858, 2377, 2324, 2783, 2133, 2510, 2265, 2465, 1746, 1385, 1708, 2019, 1825, 1773, 1291, 1246, 1259, 1254, 2036, 2191, 1841, 2134, 2229, 2409, 1726, 1675, 1536, 1752, 1723, 1372, 2226, 1593, 1565, 2395, 1806, 1628, 1565, 1492, 1898, 1823, 2873, 2926, 1697, 1422, 2302, 2397, 2381, 1869, 2198, 2240, 2341, 1680, 1648, 1704, 1452, 2900, 2223, 1664, 1497, 1718, 945, 1009, 2935, 2010, 1078, 2056, 2495, 1569, 887, 2378, 3096, 990, 1265, 737, 832, 1175, 1271, 1017, 950, 790, 3297, 1583, 3325, 2993, 2547, 1660, 2050, 2429, 2584, 1394, 1663, 1353, 2106, 1772, 1542, 1702, 1678, 1793, 1920, 1816, 1376, 1642, 2274, 2225, 1646, 1318, 2435, 1308, 1566
2149, 2010, 2169, 2211, 2672, 1804, 2244, 1763, 2869, 2907, 2459, 2641, 2608, 1988, 2460, 2378, 2683, 2450, 1462, 1750, 2901, 2395, 1814, 2104, 2296, 1023, 1005, 1360, 1847, 2062, 1570, 1443, 1258, 1169, 1106, 1159, 997, 1673, 2251, 2773, 2689, 2624, 1749, 1191, 1729, 1724, 2972, 1757, 1673, 2703, 1496, 1715, 1546, 1528, 1607, 1568, 1521, 2136, 1463, 2104, 2515, 1532, 1471, 3218, 2570, 1641, 1809, 1535, 2448, 1790, 1709, 1733, 1612, 2066, 2918, 2164, 1527, 2517, 984, 1638, 1480, 1932, 2294, 2131, 2237, 1629, 1862, 3000, 2290, 2902, 833, 2743, 1147, 2598, 2699, 2851, 3136, 3127, 3778, 3239, 3359, 3869, 3508, 2926, 3407, 3094, 3296, 3019, 2316, 1478, 1340, 2094, 2247, 1675, 1757, 1689, 1698, 1700, 1479, 1065, 1364, 1540, 1833, 1724, 2383, 2227, 1595, 1216
2378, 2297, 1852, 2364, 1633, 3105, 3093, 2656, 2808, 2341, 2146, 1536, 1710, 1784, 2512, 2463, 2182, 1758, 1541, 1847, 2605, 1588, 1845, 2691, 1726, 1844, 1862, 2071, 1193, 1282, 1367, 1456, 1195, 1169, 1215, 1379, 939, 2047, 1827, 2068, 1999, 2753, 2582, 1218, 1735, 3083, 2217, 1345, 1557, 2692, 2293, 1487, 1580, 2173, 1591, 1583, 1511, 2277, 2364, 1426, 1436, 1464, 1480, 1366, 1419, 1348, 2201, 1663, 2427, 1673, 1341, 2101, 2722, 3000, 1937, 2174, 1323, 2765, 1954, 1652, 1088, 1575, 1397, 1774, 1285, 1852, 1344, 2102, 2187, 795, 2305, 2911, 2433, 2742, 3247, 3173, 3017, 3821, 3200, 3404, 3198, 2784, 3449, 3445, 3297, 3530, 3046, 3489, 2773, 1532, 1396, 2104, 1449, 1409, 2508, 1569, 1540, 2242, 1812, 1754, 1800, 1995, 2342, 2552, 2896, 2362, 2750, 1932
1837, 1605, 2299, 2314, 2615, 3155, 2813, 2580, 3136, 2182, 2622, 1561, 2501, 2675, 2618, 2600, 1810, 1865, 2014, 2071, 2601, 1729, 2015, 2478, 2318, 1841, 1861, 1459, 1367, 1701, 1328, 1427, 1396, 1232, 1226, 1205, 1164, 969, 1476, 1963, 2025, 2919, 2280, 2323, 2413, 2647, 1500, 2419, 2466, 2074, 1304, 2950, 3116, 1387, 2932, 1533, 1494, 2578, 1468, 1435, 1444, 2570, 2700, 1953, 1557, 1528, 1283, 1662, 2522, 1679, 2616, 2202, 2483, 1453, 1812, 2665, 1422, 2232, 2211, 1308, 1124, 813, 1342, 1202, 2212, 1234, 1868, 1834, 2308, 1936, 2282, 3277, 2566, 3300, 3559, 3572, 3297, 3263, 2847, 2420, 2810, 3579, 3535, 2996, 3220, 3405, 3155, 3317, 3126, 3120, 2137, 2409, 2257, 1811, 1686, 1169, 1355, 2276, 1556, 1786, 1968, 2106, 2038, 2324, 2664, 3017, 2207, 1311
1629, 1818, 2070, 2163, 2829, 2412, 2172, 3147, 2625, 3128, 2822, 2342, 2849, 1969, 1844, 2792, 3114, 3025, 3074, 2770, 1741, 2491, 2581, 1546, 1692, 1838, 2058, 2037, 1912, 1953, 1653, 1680, 1447, 1343, 1299, 1109, 885, 1718, 1763, 2317, 2643, 2125, 1942, 1348, 1600, 2119, 1716, 2300, 1711, 1939, 1350, 1366, 2235, 1512, 2196, 1344, 2627, 1397, 2520, 2040, 2302, 1405, 1958, 2698, 1598, 1562, 1855, 2671, 1471, 1542, 1454, 2267, 1503, 1331, 2401, 2278, 2228, 2044, 1672, 1198, 1415, 960, 1214, 1687, 1872, 2521, 2144, 2894, 3398, 3573, 3220, 3550, 3771, 3057, 3049, 3628, 2909, 3181, 2672, 3126, 2893, 2696, 2759, 3124, 3219, 3545, 3424, 3141, 3269, 3442, 1928, 2190, 1918, 2529, 1879, 1806, 1451, 1259, 1532, 1835, 1934, 1837, 1929, 1918, 2458, 2389, 2807, 2188
1984, 2505, 1703, 2401, 2678, 1871, 1399, 2991, 3497, 2450, 3092, 3032, 2575, 2623, 2647, 3019, 2629, 2448, 1956, 2100, 2724, 2463, 2156, 1434, 1762, 2286, 2061, 2195, 1541, 1832, 1729, 1432, 961, 750, 838, 842, 1393, 1577, 1838, 1931, 2319, 1791, 1606, 1611, 1666, 2519, 1839, 2311, 1450, 1504, 1076, 1950, 1417, 1402, 1477, 2559, 1465, 2546, 2811, 1930, 1448, 1425, 2083, 1967, 1606, 2081, 1457, 2428, 1490, 1470, 1529, 1323, 2148, 2570, 1730, 1631, 1501, 2038, 1063, 1670, 1369, 917, 993, 1009, 2853, 3208, 1887, 1838, 2111, 3387, 3072, 3713, 3518, 3265, 3495, 3384, 3094, 3602, 3623, 3237, 3018, 3231, 3334, 3359, 1830, 3249, 3227, 3263, 3014, 2873, 3220, 1357, 1291, 2247, 1703, 1640, 1377, 2235, 1893, 1620, 1657, 1686, 1987, 2110, 2118, 1387, 2168, 2290
2337, 2435, 2304, 2300, 2238, 1955, 2041, 1505, 2538, 1936, 2446, 2834, 1809, 1398, 2048, 2960, 2299, 2335, 2608, 2292, 2421, 2026, 2063, 1382, 1384, 1642, 2005, 2089, 2068, 1635, 1741, 1534, 823, 862, 896, 1463, 1627, 1549, 2137, 1698, 1819, 1669, 1939, 1616, 1753, 2432, 1466, 1554, 1623, 1657, 2464, 2624, 1329, 1483, 2673, 2810, 1335, 1164, 1350, 2458, 1424, 1457, 1386, 2425, 1649, 1612, 1498, 2276, 1982, 2441, 2714, 1812, 1840, 2311, 1833, 1844, 1367, 1565, 2160, 1465, 1167, 1138, 1082, 1326, 2038, 2678, 2034, 2705, 3388, 3160, 3586, 3497, 3045, 2755, 2889, 2073, 2897, 3563, 3560, 2507, 2263, 3077, 3107, 2281, 2097, 1683, 2881, 2794, 2977, 2953, 3173, 3283, 1340, 2470, 1296, 1436, 2527, 2159, 1375, 1601, 1518, 1503, 1556, 2150, 1611, 1544, 1604, 2203
2318, 2509, 1382, 1744, 2106, 2316, 2033, 2097, 2498, 2318, 2492, 2766, 2919, 2702, 2459, 2148, 3249, 2842, 2207, 3113, 2324, 2169, 1292, 1393, 1275, 1163, 1723, 1656, 1738, 1758, 1547, 1004, 989, 1009, 943, 1558, 1382, 1726, 2282, 2282, 1777, 2239, 2385, 1635, 1699, 1731, 1713, 1424, 1733, 1650, 1588, 2751, 1393, 1483, 2930, 2450, 2281, 1894, 1417, 2203, 2557, 1488, 1527, 1479, 1487, 1523, 1315, 2798, 1497, 2418, 1497, 1397, 1004, 2197, 1819, 1198, 2402, 1663, 1329, 1497, 1033, 937, 839, 2441, 1989, 2031, 3038, 3274, 3270, 2881, 3085, 3517, 3164, 3334, 3050, 2888, 2569, 3181, 2529, 2359, 2820, 2628, 2578, 2410, 2786, 2577, 2761, 2707, 2967, 2689, 3094, 3345, 2456, 2912, 1949, 2637, 1650, 1522, 1437, 1890, 1712, 1558, 1783, 2225, 1017, 1467, 1622, 1875
1912, 1602, 1481, 2298, 2358, 2138, 2503, 2328, 2294, 2214, 1941, 2294, 2149, 1907, 1702, 2882, 2592, 2113, 1707, 1954, 1477, 1482, 1403, 1817, 1492, 1410, 1368, 1136, 1165, 1114, 1107, 1127, 1084, 1187, 967, 1243, 3161, 2778, 1085, 1610, 1928, 2596, 3128, 2100, 2490, 1321, 1498, 1676, 1634, 1661, 1641, 1225, 2314, 1284, 1435, 1448, 1981, 1310, 2213, 2519, 2469, 1444, 2503, 2084, 1400, 2003, 3197, 3242, 2649, 3181, 1721, 1238, 1869, 3057, 3087, 1818, 1383, 2566, 2615, 2420, 1342, 1272, 2516, 3071, 2844, 3293, 3304, 2812, 2783, 2569, 3441, 3067, 3563, 2267, 3537, 2032, 2502, 3438, 1521, 2319, 2521, 2808, 2972, 1950, 2911, 2588, 2138, 2948, 3237, 2884, 3152, 3013, 3046, 2806, 2735, 1534, 1632, 1691, 1661, 1563, 1481, 1684, 1495, 1077, 1269, 1487, 1700, 1740
1383, 1438, 1790, 2365, 2002, 1469, 1282, 1595, 1461, 1625, 1743, 1730, 1230, 1826, 3379, 2852, 2490, 1781, 1934, 1250, 1141, 1254, 2299, 2087, 1630, 2230, 1350, 1312, 1196, 1416, 1117, 1115, 1108, 1122, 1037, 3407, 3664, 3375, 3540, 3398, 2923, 2626, 2566, 1322, 1553, 1237, 2087, 1623, 1580, 1788, 2785, 2302, 2690, 1879, 2472, 2438, 1448, 1409, 1596, 2094, 2282, 1429, 1405, 1992, 1517, 2681, 2685, 2522, 1961, 3120, 3077, 1255, 1669, 2284, 1739, 2267, 1572, 2373, 1541, 1689, 1320, 1084, 3019, 3595, 3587, 3257, 3505, 2967, 3554, 2123, 2639, 1888, 2444, 2580, 2633, 2755, 2310, 3253, 2256, 2843, 2723, 2497, 2631, 2199, 2371, 2616, 2521, 2329, 3231, 2998, 2586, 2860, 3058, 2027, 3070, 3170, 2879, 1812, 1738, 1768, 1665, 1714, 1344, 1335, 1492, 1389, 1375, 1939
1607, 1548, 1782, 2087, 2176, 2256, 1982, 2051, 1572, 1459, 1448, 1566, 2158, 2063, 2411, 2508, 3153, 1276, 1108, 1040, 1905, 2508, 1806, 809, 2030, 2174, 1380, 1361, 1354, 1590, 1650, 1229, 1230, 1123, 3056, 3218, 3300, 3149, 3187, 3149, 2955, 2630, 3545, 2406, 1479, 1667, 1330, 1494, 2172, 2535, 2950, 2596, 1863, 2536, 2252, 1913, 1716, 2026, 1881, 2084, 1822, 1457, 1442, 1926, 1949, 2458, 2564, 2619, 1895, 1577, 2855, 2247, 1629, 1775, 2581, 2061, 1503, 2449, 1213, 2104, 1907, 1654, 2933, 2225, 2493, 3360, 3383, 1882, 2251, 2585, 2429, 3244, 3062, 3854, 2689, 2846, 2754, 2465, 3115, 2377, 2726, 2533, 1815, 3129, 2687, 1589, 1886, 1548, 2640, 2592, 2012, 2836, 3227, 2898, 2610, 2732, 2806, 1704, 1744, 1769, 1734, 1656, 1307, 1705, 1608, 1579, 1900, 2128
1593, 2372, 2434, 2327, 1807, 2318, 2374, 2300, 1906, 2192, 2164, 2537, 1749, 1904, 1984, 2454, 1774, 1315, 1316, 1352, 1083, 2481, 2431, 1687, 2155, 1817, 1336, 1365, 1359, 1253, 2122, 1641, 1179, 2334, 2486, 2801, 2298, 2805, 2058, 3219, 3798, 2337, 3150, 2370, 1745, 1598, 1242, 1367, 2060, 2740, 2568, 2140, 1876, 1368, 2001, 1491, 1942, 2893, 2344, 2200, 1895, 1223, 1370, 1402, 1473, 1689, 1938, 1555, 2592, 2123, 1399, 1322, 2030, 1511, 1910, 2038, 1442, 2644, 2110, 2214, 1935, 1476, 2281, 2695, 2996, 2870, 3140, 3387, 2888, 2990, 3522, 3384, 3414, 2602, 2963, 2743, 3564, 2042, 3253, 2635, 2396, 2055, 2872, 1365, 2540, 920, 1768, 2964, 1933, 3043, 2927, 2716, 3096, 3064, 2609, 1869, 1661, 1459, 1951, 1772, 1763, 1697, 1597, 1787, 1838, 2005, 1826, 1814
2187, 1697, 1910, 1385, 1671, 2178, 2395, 2246, 2701, 2307, 2453, 2372, 2189, 1249, 1426, 1479, 1311, 1681, 1395, 1320, 1285, 1907, 2269, 1248, 1337, 1181, 1448, 1401, 1400, 1393, 1337, 1220, 1732, 2837, 2483, 2891, 2764, 2777, 2363, 2869, 2679, 3482, 2514, 3362, 2419, 2150, 1244, 1038, 1354, 2312, 2101, 1492, 1737, 1054, 1448, 1491, 1298, 1370, 2138, 1797, 2277, 2312, 2215, 2121, 1604, 1568, 1947, 1268, 1074, 2160, 1549, 1968, 2044, 2050, 910, 1200, 1903, 1673, 1590, 1502, 1206, 1480, 2235, 3331, 3316, 3325, 2352, 2880, 3713, 2222, 2423, 1439, 1852, 3686, 2597, 2603, 2312, 1410, 2011, 2723, 2983, 2709, 1915, 2973, 2860, 1094, 2757, 2864, 3129, 2507, 2482, 2475, 2748, 3089, 3083, 2193, 1738, 1435, 1567, 2053, 1723, 1731, 1548, 1721, 1704, 1515, 793, 1224
1470, 2282, 1351, 1597, 1725, 1413, 1996, 2569, 2364, 1856, 2679, 2422, 2264, 1241, 1336, 1889, 1412, 1329, 2453, 2355, 1356, 2749, 2322, 2232, 1772, 2119, 1667, 1466, 3032, 3326, 3023, 3610, 2935, 2639, 2494, 2070, 2174, 1332, 2970, 2549, 2199, 3402, 2197, 2667, 2867, 2438, 1923, 724, 1278, 1864, 2275, 1866, 1230, 875, 1009, 1229, 1354, 1388, 1947, 1690, 1396, 1669, 1950, 1328, 1460, 1496, 1328, 2096, 1552, 1641, 1991, 1439, 1774, 1344, 1563, 1405, 1410, 1279, 1319, 1383, 1009, 876, 2151, 2435, 3324, 3115, 3292, 2979, 3062, 2604, 2423, 2359, 2167, 2626, 3290, 2586, 2920, 2199, 1757, 2175, 2006, 2177, 2680, 2622, 1825, 1725, 1928, 2906, 2012, 2777, 2405, 2295, 3101, 3026, 2683, 3047, 1618, 1544, 1680, 1701, 1639, 1570, 1812, 1802, 1706, 1419, 629, 622
1911, 2012, 1452, 1642, 1494, 1486, 1408, 1903, 1698, 2191, 1888, 2797, 1102, 1292, 1432, 1966, 2102, 1760, 2192, 2026, 1949, 1967, 1410, 1481, 1704, 1413, 1606, 1340, 1475, 2457, 2926, 2330, 2649, 2821, 2399, 1754, 2169, 1844, 2594, 2603, 2478, 1474, 2525, 2842, 2236, 2273, 2893, 1227, 1054, 930, 1773, 2470, 1599, 2483, 2086, 1341, 882, 1181, 1396, 1427, 1574, 1670, 2074, 2011, 1898, 2158, 1257, 1988, 1384, 1338, 1500, 1679, 1417, 1886, 1841, 1619, 1513, 1405, 1355, 1199, 864, 886, 900, 2317, 2033, 3139, 2696, 2804, 3366, 2675, 3726, 1839, 3113, 2637, 2185, 1960, 2781, 3039, 1736, 2326, 2444, 2587, 2099, 1075, 2479, 2978, 2460, 3144, 2823, 2889, 2389, 2822, 2503, 3099, 3063, 2719, 1496, 1932, 1371, 1913, 1628, 1793, 1587, 1539, 1645, 614, 618, 619
1413, 1872, 1581, 2291, 2416, 2256, 2234, 1725, 1269, 1950, 2105, 1174, 1946, 1740, 2373, 2183, 1732, 2185, 2248, 1306, 1721, 2136, 1705, 1710, 2360, 2161, 2178, 1380, 2915, 2762, 2573, 1704, 2440, 1250, 1323, 2249, 1509, 2647, 2567, 2382, 1862, 1846, 2549, 2200, 1410, 3286, 2479, 1217, 1310, 2290, 2787, 2485, 2823, 3181, 2335, 2750, 1581, 1726, 913, 1202, 1763, 2323, 1989, 1218, 1391, 1445, 1999, 1943, 1870, 1728, 1354, 1223, 1526, 848, 1399, 1450, 1184, 1345, 1309, 864, 767, 840, 870, 2111, 2197, 2560, 2450, 2603, 3141, 3656, 3338, 2910, 2912, 2519, 2567, 3013, 3217, 1423, 3201, 2560, 2153, 1550, 1968, 2697, 2827, 2275, 1707, 2551, 2721, 3039, 2815, 2467, 2632, 2550, 2486, 2668, 3175, 2067, 1916, 1416, 1716, 1799, 1765, 1331, 601, 594, 597, 622
1540, 2148, 1201, 1475, 1376, 1890, 1599, 2110, 1520, 1275, 2204, 1676, 1699, 1229, 1667, 2525, 2009, 1968, 1693, 1466, 1749, 2280, 1470, 1380, 1307, 1863, 2532, 2508, 2338, 2280, 1919, 1758, 2213, 1739, 1684, 1924, 2708, 3000, 2525, 1407, 2288, 2869, 3346, 2803, 1191, 1941, 1618, 1766, 2620, 2465, 1644, 1675, 2899, 3376, 3226, 1979, 2602, 1984, 1656, 1136, 1868, 1848, 1414, 2231, 1816, 1624, 990, 1385, 1383, 2140, 1365, 1511, 1548, 1515, 1679, 1131, 1338, 1224, 1014, 698, 724, 857, 856, 837, 2233, 2288, 2554, 2627, 1720, 2542, 2023, 3133, 2099, 3153, 2013, 2757, 2709, 2410, 2564, 2353, 2398, 2921, 2511, 3076, 2746, 2977, 2736, 2495, 1366, 2465, 3330, 2707, 2293, 2409, 2828, 3080, 2761, 2871, 1817, 1670, 1395, 1523, 822, 583, 598, 609, 603, 600
1486, 1401, 1762, 1449, 1552, 1617, 1389, 2095, 2013, 1814, 1275, 1592, 1239, 1430, 1323, 1875, 2090, 2133, 1602, 1419, 2658, 2402, 1907, 2003, 1408, 1302, 2298, 2158, 1671, 1723, 1611, 2275, 2454, 2198, 2111, 2244, 2308, 1782, 2727, 1299, 1854, 2691, 2301, 1454, 2823, 2265, 2184, 1477, 1806, 2021, 2587, 2760, 1406, 1812, 2892, 2482, 2911, 1948, 2080, 1886, 1744, 1503, 1511, 1490, 1873, 1070, 1483, 1520, 1886, 1787, 1487, 1519, 1400, 1091, 1451, 1196, 1236, 854, 790, 818, 837, 865, 796, 823, 2118, 2509, 2580, 2025, 2331, 2395, 2536, 2468, 1724, 2763, 1992, 2736, 1847, 2309, 2589, 2191, 2884, 3180, 2275, 2336, 2278, 1447, 2156, 2675, 1943, 2366, 3058, 2029, 2277, 2599, 2266, 2763, 2478, 2813, 1546, 588, 626, 616, 627, 589, 601, 625, 644, 616
1965, 1440, 1758, 1592, 1644, 2075, 2227, 1893, 2119, 2012, 2061, 2438, 1577, 2187, 1816, 2086, 2218, 1431, 1469, 1641, 2097, 1342, 1753, 2089, 1898, 1442, 1281, 1751, 1937, 1993, 2458, 1799, 2601, 1974, 1570, 2648, 1783, 1343, 2224, 1829, 1617, 2028, 1276, 2583, 2342, 1884, 2714, 1729, 2093, 2360, 1542, 2180, 1394, 1729, 1452, 2386, 1955, 2494, 1722, 1531, 1281, 1216, 1083, 1566, 1609, 1884, 856, 1462, 1900, 1241, 969, 1435, 1125, 1236, 1063, 951, 860, 626, 742, 584, 702, 625, 823, 793, 2301, 2628, 2560, 1922, 2267, 2224, 2755, 2750, 2944, 1568, 2186, 3121, 2280, 1120, 2187, 2318, 2337, 1906, 2553, 2401, 1437, 2630, 2084, 2436, 2651, 2578, 3059, 2371, 2783, 2600, 2741, 1816, 2926, 2476, 2729, 583, 594, 627, 627, 629, 650, 659, 648, 637
1847, 1409, 1994, 2177, 1971, 2156, 1749, 1545, 1534, 1155, 1355, 1362, 2420, 1620, 2255, 1524, 1534, 1548, 1400, 2497, 2254, 1420, 2746, 2739, 2444, 1407, 2129, 1387, 1103, 1707, 1827, 1996, 1962, 2418, 1912, 2755, 2399, 1458, 1122, 1463, 1574, 2041, 3061, 1705, 2398, 2655, 2781, 1576, 1603, 2636, 2575, 1391, 1501, 1335, 1679, 2071, 1402, 1982, 1304, 1192, 1099, 1018, 981, 991, 1096, 1605, 1361, 877, 1350, 886, 1241, 1255, 1011, 953, 884, 715, 671, 573, 768, 765, 552, 627, 880, 2273, 2187, 2426, 2673, 2548, 1859, 1957, 1427, 2525, 1520, 2604, 3055, 2457, 2755, 2639, 3066, 2577, 2289, 2733, 3126, 2322, 2442, 2159, 2153, 2489, 2364, 2233, 2162, 2169, 2612, 2292, 2107, 2370, 2813, 2721, 1524, 589, 608, 643, 627, 630, 626, 650, 667, 656
1405, 1933, 1932, 1731, 1743, 1925, 1796, 2199, 1249, 1828, 1422, 1518, 2436, 1508, 1601, 1406, 1704, 1416, 1712, 1663, 1836, 1666, 1576, 2202, 2238, 1351, 1874, 1911, 1177, 2208, 1754, 1264, 1842, 2452, 1691, 1799, 2016, 2126, 1835, 1887, 1462, 823, 1518, 1256, 2030, 2036, 2228, 1650, 1680, 2661, 1791, 2591, 1181, 2146, 1340, 1342, 2279, 1254, 1185, 1140, 909, 805, 812, 999, 1657, 1533, 1572, 833, 900, 941, 895, 903, 846, 807, 692, 714, 700, 745, 823, 674, 723, 609, 711, 831, 2250, 2363, 2718, 2499, 1569, 1393, 2389, 2868, 3609, 3458, 3243, 2909, 2714, 2228, 1882, 2360, 1567, 3095, 2465, 2617, 3015, 2017, 2085, 2286, 2197, 2274, 2636, 2552, 3143, 2440, 2732, 2511, 2351, 2353, 2888, 609, 639, 635, 656, 636, 659, 683, 690, 655
1397, 2084, 1694, 1829, 1777, 1578, 1339, 1699, 2038, 1433, 2494, 1585, 1598, 1696, 1441, 1672, 2497, 2438, 2135, 1890, 2521, 2525, 2425, 999, 1906, 1495, 1539, 1937, 1340, 959, 1426, 1138, 1376, 2234, 1637, 1799, 1212, 1570, 1744, 2357, 2185, 1018, 1667, 1500, 1984, 1533, 2146, 1631, 1557, 2393, 1261, 1557, 1915, 2253, 1900, 2433, 2220, 932, 1339, 1111, 994, 920, 1338, 1596, 1542, 1358, 1500, 1373, 1545, 1386, 744, 703, 750, 823, 844, 845, 780, 749, 859, 799, 872, 615, 724, 864, 1837, 2561, 3017, 2001, 2150, 2118, 2654, 3088, 2657, 2539, 3049, 3154, 3028, 2616, 3267, 2396, 2342, 2498, 3077, 2299, 2778, 1841, 1479, 1836, 1637, 2317, 1901, 2440, 2010, 2848, 1588, 2705, 1951, 2800, 2442, 716, 605, 613, 648, 653, 669, 699, 721, 659
1343, 1679, 1216, 1798, 1583, 1424, 1454, 2684, 2581, 1917, 2670, 2130, 1304, 2211, 1263, 1677, 1571, 1423, 1723, 2580, 2266, 2414, 1617, 1587, 1606, 1453, 1234, 1366, 1370, 1599, 2126, 1295, 1354, 1275, 2271, 2159, 2203, 2025, 2460, 1746, 1365, 1804, 1764, 1952, 1967, 1855, 1599, 1845, 820, 1627, 2465, 2188, 2039, 1819, 1601, 1471, 1612, 764, 698, 801, 771, 1460, 1708, 1750, 1691, 968, 1297, 1587, 1609, 1385, 1377, 750, 871, 1593, 1505, 865, 676, 791, 847, 858, 838, 957, 884, 878, 2760, 2621, 2621, 3106, 1430, 2234, 2622, 2475, 2640, 2329, 1498, 2187, 3171, 3136, 2466, 1822, 3102, 2420, 1979, 2178, 2554, 1785, 1489, 2337, 1461, 2158, 2690, 2298, 2860, 2417, 1804, 2580, 2989, 2570, 1568, 629, 632, 624, 646, 623, 649, 743, 714, 663
1932, 1685, 1621, 2126, 1405, 1512, 1430, 2416, 2316, 1412, 1360, 1322, 1377, 2603, 2242, 1645, 1950, 1526, 1598, 2267, 1293, 1815, 1755, 1364, 1739, 2226, 2138, 1611, 1312, 1734, 1067, 1442, 1504, 1357, 1357, 1309, 2248, 2417, 1757, 1370, 2070, 1632, 2268, 2560, 1829, 1861, 1651, 1581, 1137, 1796, 1640, 1854, 1809, 2131, 1348, 2141, 1003, 649, 582, 574, 1388, 2163, 1607, 2146, 1797, 1767, 1837, 2297, 1895, 1758, 1606, 1568, 1227, 1875, 1532, 1603, 880, 807, 951, 846, 754, 886, 907, 846, 873, 2254, 2299, 2536, 2285, 1386, 2284, 1848, 2079, 3007, 2364, 1997, 2971, 3071, 1943, 2361, 2616, 1787, 1549, 1628, 1458, 2191, 1539, 1896, 2735, 2641, 2526, 2642, 2813, 2589, 1733, 2145, 2917, 2260, 733, 636, 702, 679, 626, 634, 699, 727, 711, 691
1712, 1541, 1905, 1754, 1485, 1918, 1519, 2347, 1339, 1598, 1427, 1330, 2260, 2610, 2265, 1670, 2596, 1471, 1428, 1368, 1376, 1839, 1941, 1350, 2289, 996, 1710, 2031, 2128, 1178, 2050, 1773, 1883, 1379, 1356, 1328, 1295, 2104, 1718, 1705, 2302, 2036, 2098, 1825, 1930, 1696, 1260, 1296, 1364, 1811, 2014, 2013, 1784, 1025, 1352, 1027, 789, 1302, 584, 1799, 2139, 2019, 1533, 1466, 2374, 2245, 1640, 1772, 1418, 1932, 1383, 1397, 1202, 1831, 1589, 1371, 1344, 860, 881, 964, 1007, 979, 925, 964, 915, 2285, 1657, 2235, 2270, 2392, 2008, 2016, 1687, 1847, 1560, 1994, 2219, 3173, 2679, 3016, 2662, 2107, 2154, 1400, 1735, 1533, 1753, 2319, 2566, 3038, 1718, 2418, 2804, 1812, 2740, 2424, 2051, 636, 636, 640, 681, 699, 700, 678, 758, 740, 767, 752
1513, 1427, 1577, 1883, 1210, 1386, 1462, 2288, 1759, 2043, 1451, 1570, 1549, 1434, 2745, 2125, 2183, 1492, 1440, 1414, 1391, 2398, 1562, 1640, 1485, 1999, 2016, 2030, 1450, 1407, 1546, 2237, 1740, 1334, 1296, 1303, 1307, 1287, 1152, 2125, 2240, 2033, 1167, 1192, 1086, 891, 855, 1226, 1324, 1266, 952, 728, 962, 616, 956, 1411, 1366, 1696, 1423, 1837, 2329, 2117, 2250, 1942, 1666, 2255, 2250, 1354, 2190, 1083, 972, 1271, 1727, 2210, 2198, 1677, 1672, 1256, 792, 798, 848, 1100, 877, 1978, 2344, 2446, 2601, 2264, 2518, 2376, 1893, 2666, 1788, 1449, 1663, 1844, 2888, 2874, 2094, 2454, 2854, 2751, 2151, 1357, 918, 1845, 2178, 1296, 2339, 3523, 2484, 2595, 2687, 1953, 2487, 895, 621, 669, 665, 660, 647, 635, 700, 711, 756, 790, 787, 744
1400, 1534, 2085, 1953, 2104, 1586, 1481, 1492, 1347, 2342, 2115, 1476, 1345, 1708, 1393, 1802, 1614, 1496, 1522, 1867, 1681, 1653, 1623, 2279, 1470, 2046, 1785, 2036, 1252, 1628, 2495, 2250, 1898, 1212, 1303, 1319, 1328, 1306, 1295, 1463, 1370, 1153, 1068, 1049, 936, 996, 908, 992, 903, 854, 799, 629, 598, 1229, 1242, 1424, 1277, 1682, 1533, 1947, 1774, 2052, 1731, 2774, 1458, 1450, 2038, 1064, 1245, 2159, 1356, 1149, 1660, 2011, 2082, 1449, 1639, 1601, 1288, 819, 912, 1104, 1122, 897, 920, 2461, 2310, 2327, 2451, 1475, 2191, 1924, 2801, 1839, 1406, 1961, 2187, 2030, 2222, 1772, 2739, 2916, 1541, 1207, 1656, 1752, 3065, 2412, 2042, 2779, 1767, 2800, 2662, 2151, 2350, 594, 643, 649, 673, 668, 661, 652, 694, 736, 724, 787, 855, 768
1973, 1926, 1864, 1995, 979, 1477, 717, 1876, 1877, 1785, 1825, 2232, 1546, 1536, 1555, 1455, 1448, 2267, 1937, 1402, 1795, 1319, 1544, 1668, 2223, 1286, 1449, 1960, 1728, 1180, 2068, 1966, 1204, 1573, 1340, 1365, 1083, 1297, 1615, 1367, 1116, 1118, 1101, 1085, 908, 1023, 877, 966, 881, 863, 926, 1307, 1691, 1684, 1472, 1305, 1364, 1483, 1628, 1710, 1168, 1414, 2356, 2162, 1921, 1667, 2087, 1852, 1838, 1856, 1670, 2164, 1498, 1471, 1992, 1442, 1650, 1077, 1316, 1184, 1155, 1372, 1351, 1187, 907, 2773, 3030, 2272, 2594, 1979, 1451, 2097, 2384, 2113, 2606, 2048, 2376, 2588, 1972, 2194, 2788, 3302, 2902, 1637, 2465, 3031, 2941, 1536, 3423, 2677, 2021, 2154, 2855, 2340, 2277, 679, 605, 647, 679, 670, 664, 682, 677, 697, 665, 754, 784, 686
1619, 2310, 1835, 2506, 2098, 1507, 1616, 2037, 2313, 1874, 1546, 1668, 1446, 1434, 1472, 1233, 1594, 2668, 2333, 1504, 1347, 2182, 1937, 1245, 1400, 1366, 1095, 1869, 1664, 1086, 1573, 1151, 1578, 1674, 1475, 1283, 1324, 1206, 1179, 1202, 1124, 1168, 1080, 1101, 1032, 1350, 1208, 1649, 1409, 997, 1085, 1374, 1587, 1360, 967, 1348, 1522, 1940, 1710, 2232, 1506, 2247, 2933, 2181, 1905, 2204, 2433, 2047, 2335, 1724, 1688, 1590, 2066, 1481, 1811, 1860, 1680, 1424, 1406, 1426, 1398, 985, 1249, 1135, 1220, 2394, 2825, 2542, 1659, 1590, 1683, 1933, 1677, 2149, 1814, 1655, 2363, 1743, 2436, 2415, 2855, 1873, 1877, 1770, 2412, 2565, 3215, 3215, 2822, 2438, 3027, 1422, 1719, 2509, 2194, 2389, 1263, 1465, 681, 1205, 1083, 695, 685, 647, 671, 751, 700, 682
1692, 1431, 2245, 2364, 1207, 1274, 1496, 1407, 1757, 2188, 1664, 1450, 1576, 1408, 2322, 1823, 2614, 2281, 2406, 1359, 1346, 1444, 1389, 1405, 1314, 1871, 1518, 1354, 1336, 2265, 1973, 1878, 1506, 1865, 1347, 1338, 1324, 1256, 1282, 1204, 1140, 1011, 1147, 1128, 1145, 1870, 1816, 1420, 1125, 1338, 1592, 1882, 1463, 1753, 1376, 2315, 2474, 2623, 2143, 1332, 1431, 1343, 2007, 2122, 1414, 2184, 2318, 2303, 1569, 1596, 1450, 783, 986, 1286, 1721, 1719, 1241, 1752, 1499, 1108, 1378, 1256, 1086, 1213, 938, 2489, 2606, 2440, 1210, 2383, 1337, 1423, 1836, 2143, 1927, 1688, 2228, 1840, 2339, 2567, 1451, 1293, 919, 2865, 1948, 3115, 3402, 2606, 3092, 3601, 3236, 1244, 1410, 2346, 1401, 2261, 2336, 2045, 1959, 2074, 2319, 2556, 1480, 2100, 2013, 2235, 753, 645
1507, 1325, 1719, 2426, 2093, 1370, 1385, 1366, 2020, 2469, 1487, 1969, 1090, 1825, 2466, 2380, 1214, 2196, 1415, 1448, 1481, 1481, 1484, 1416, 1628, 2172, 2042, 2301, 1407, 1344, 1302, 1031, 1267, 1862, 1321, 1358, 1230, 1265, 1235, 1161, 1189, 1151, 1166, 1103, 1828, 1670, 1668, 937, 1660, 1609, 1447, 2181, 1582, 1987, 940, 2244, 2479, 2380, 1978, 1109, 1987, 1660, 1881, 1790, 1501, 1541, 2170, 1493, 2368, 1688, 920, 747, 812, 1514, 1726, 1552, 1796, 1636, 1499, 1035, 885, 1237, 1291, 1014, 894, 2171, 2657, 2250, 2108, 1506, 2140, 1707, 1819, 1897, 1206, 1438, 1545, 2272, 1276, 1229, 1089, 1585, 2110, 3027, 3676, 3560, 2793, 3241, 3069, 2933, 3288, 1225, 1672, 2457, 2576, 1692, 1910, 2193, 2315, 2534, 2350, 2010, 2262, 2847, 3003, 2824, 2985, 2014
1073, 1352, 1632, 1499, 1408, 1572, 1386, 1371, 1307, 2654, 2272, 2544, 2344, 1515, 1922, 2288, 1897, 1477, 1448, 1446, 1528, 1460, 1441, 1490, 1333, 1462, 1271, 1862, 1226, 1799, 1690, 1657, 1933, 1547, 1373, 1299, 1285, 1250, 1121, 1302, 1239, 1179, 1167, 1208, 1886, 1454, 1337, 1752, 2009, 1948, 1193, 1728, 1334, 2108, 1012, 1601, 1921, 2926, 2304, 1115, 1449, 1371, 1350, 2056, 2274, 2075, 1953, 1304, 2143, 1835, 775, 803, 1005, 1180, 1694, 1628, 1737, 1385, 1285, 1295, 1233, 1210, 1033, 770, 753, 562, 2542, 2646, 2759, 1982, 2428, 1774, 2180, 2049, 1464, 1914, 1599, 2091, 1449, 1615, 1364, 1549, 2606, 3272, 2999, 3108, 3365, 2705, 2315, 1980, 3015, 3063, 1512, 1807, 1794, 2210, 3053, 2645, 2566, 2240, 2469, 2383, 2599, 2932, 2962, 2964, 2499, 2739
1147, 1132, 1270, 1455, 1242, 1448, 1407, 1509, 1575, 2304, 1931, 2246, 1248, 1347, 2094, 1472, 2141, 2228, 1404, 1479, 1744, 1483, 1500, 1486, 1451, 1330, 1447, 1105, 1801, 1904, 1665, 1437, 1478, 1348, 1285, 961, 1448, 1141, 1269, 1287, 1157, 1251, 1233, 1202, 2038, 1774, 1560, 1314, 1992, 1925, 1349, 2081, 1238, 2320, 1600, 2055, 2961, 3154, 2864, 2324, 1673, 2228, 1306, 2298, 2189, 1592, 1294, 2224, 1858, 980, 762, 1074, 1355, 1096, 1254, 1439, 1488, 999, 986, 1077, 977, 900, 1090, 1167, 995, 570, 577, 2295, 2659, 2014, 2163, 1846, 2302, 1858, 1729, 2342, 1979, 2975, 1602, 1801, 1766, 2972, 2951, 2484, 2675, 2436, 3614, 2276, 2856, 1901, 2588, 2899, 1377, 927, 1972, 2278, 2615, 2728, 2678, 2320, 2566, 2271, 2366, 2052, 1911, 2768, 2969, 2391
1273, 1386, 1501, 1614, 1792, 1550, 1490, 1420, 1486, 1964, 2089, 1438, 1458, 1487, 1292, 1566, 1499, 1963, 1416, 1439, 2255, 1365, 1466, 1327, 1430, 2279, 1215, 2224, 1961, 1920, 1554, 1496, 1586, 1393, 1782, 1521, 1811, 1450, 1152, 1212, 1239, 1148, 1177, 1210, 1291, 1686, 1848, 1769, 1908, 2150, 1757, 2162, 1722, 2322, 1417, 1900, 2765, 3297, 2890, 2816, 1613, 1409, 1568, 1917, 1116, 1484, 1741, 1872, 1680, 758, 733, 875, 969, 1510, 1333, 1665, 1297, 866, 859, 966, 682, 1025, 808, 1230, 1150, 683, 595, 564, 561, 2250, 2302, 1835, 2030, 1844, 1860, 2045, 2418, 2559, 2343, 2232, 3291, 2625, 2487, 2954, 2020, 2516, 2483, 3655, 3224, 2124, 2737, 1900, 2018, 2293, 1921, 2700, 2849, 2909, 2510, 2516, 2426, 2531, 2729, 2808, 2341, 2491, 2628, 2666
1279, 965, 1194, 1688, 1343, 1211, 1393, 1083, 1418, 1357, 1453, 1365, 1568, 1370, 1402, 1363, 1397, 1449, 2214, 1389, 1901, 2192, 1462, 1355, 1512, 1373, 2103, 1871, 1577, 1745, 1334, 1442, 1401, 1451, 1372, 1387, 1784, 1446, 1242, 1330, 949, 1056, 1099, 1229, 1190, 1239, 644, 918, 1692, 2011, 2306, 1503, 2279, 2424, 1455, 2254, 2809, 3384, 3534, 2877, 1661, 1223, 1825, 1125, 1330, 1714, 903, 2005, 2305, 1307, 705, 1163, 1632, 1177, 1299, 1945, 1407, 768, 787, 713, 955, 1240, 1326, 1222, 1071, 559, 551, 650, 574, 543, 537, 1593, 1585, 1512, 2084, 1869, 1756, 1302, 1478, 1717, 2522, 2266, 1625, 2216, 1624, 2276, 2615, 1958, 2405, 2533, 2658, 2163, 1998, 2000, 2544, 2246, 2173, 2222, 2752, 2622, 2625, 2494, 2272, 2902, 3207, 2581, 2467, 2728
1221, 1149, 983, 1205, 1310, 1182, 1341, 1353, 1374, 1511, 1518, 1894, 1483, 1437, 1665, 1335, 2324, 2521, 2055, 1755, 1111, 1970, 1834, 2008, 1583, 1453, 1436, 1401, 1554, 1933, 1827, 1494, 1416, 1430, 1262, 1352, 1740, 1499, 1526, 1400, 1427, 1280, 1288, 1306, 1156, 1050, 623, 667, 1722, 1932, 2423, 1639, 2435, 2293, 2378, 3089, 2934, 2440, 2729, 1624, 2385, 2263, 1750, 1771, 1189, 1830, 1519, 1845, 1211, 1456, 880, 1051, 1574, 1462, 1473, 1825, 1623, 772, 800, 769, 924, 834, 650, 742, 843, 584, 564, 732, 776, 781, 539, 1367, 1493, 1408, 1092, 1616, 1465, 1687, 1169, 1353, 995, 2617, 2677, 2606, 1604, 2343, 2068, 2374, 2438, 2921, 1708, 2200, 1504, 1433, 2589, 1906, 2641, 3231, 2375, 2361, 2698, 3131, 2735, 2188, 2335, 3260, 2249, 2619
1086, 1143, 1414, 1105, 1171, 1280, 1914, 1467, 1573, 1535, 2004, 1484, 1526, 1451, 1459, 2187, 2114, 1748, 2022, 1260, 1746, 1887, 1393, 1410, 1398, 1554, 1878, 1450, 1357, 1400, 1425, 1367, 1339, 1314, 1453, 1396, 1711, 1312, 1302, 1405, 1334, 1407, 1186, 1288, 1004, 662, 619, 667, 847, 2226, 2320, 2549, 1807, 1446, 2520, 2343, 2628, 3145, 1683, 2606, 2267, 1873, 1239, 2276, 1426, 2348, 1219, 1719, 1974, 1590, 1344, 1130, 1353, 1476, 1374, 1387, 804, 934, 838, 917, 979, 989, 1064, 1276, 876, 586, 597, 658, 776, 794, 713, 611, 533, 1363, 1484, 1400, 1752, 1695, 1790, 1416, 1880, 1839, 2541, 2114, 2099, 1349, 2462, 2364, 2738, 2718, 2990, 1968, 2456, 2056, 2189, 2113, 2342, 2621, 2484, 2601, 2082, 2198, 2590, 2962, 2765, 2169, 2670, 2537
939, 926, 1051, 903, 1096, 1284, 1338, 1368, 1405, 1409, 1524, 1518, 1470, 1430, 1474, 2032, 2119, 2260, 1695, 1312, 1368, 1383, 1673, 1697, 1356, 1361, 1476, 1523, 1446, 1474, 1376, 1322, 1372, 1637, 1772, 1698, 1055, 1395, 1192, 1221, 1337, 1246, 1260, 1327, 1120, 670, 612, 605, 666, 2032, 2399, 2503, 1940, 2514, 2671, 1740, 2189, 1259, 1632, 2155, 3040, 2674, 2377, 1216, 1776, 1827, 1239, 1035, 864, 1697, 1261, 783, 713, 789, 728, 801, 929, 1085, 1010, 1107, 1058, 1062, 1210, 1310, 1085, 1198, 827, 749, 785, 723, 670, 747, 561, 830, 1504, 1360, 1533, 1827, 1071, 896, 1186, 1778, 1757, 2428, 1954, 2261, 1703, 2475, 1389, 2320, 1993, 1823, 2416, 2664, 3198, 2688, 2652, 1682, 2686, 1837, 3083, 2529, 2892, 3143, 2521, 3137, 3244, 2668
780, 871, 1006, 767, 1169, 1412, 1395, 1591, 1093, 1816, 1786, 1424, 1466, 1387, 1470, 1941, 1654, 2013, 1519, 1304, 1347, 1443, 1761, 2141, 1664, 1979, 1725, 1333, 1444, 1449, 1455, 1853, 1851, 1260, 1429, 1615, 1511, 1316, 1411, 1413, 1372, 1318, 1196, 646, 591, 608, 627, 626, 1907, 1478, 2031, 1281, 2282, 2542, 2647, 2012, 2046, 1288, 2814, 2352, 2343, 2423, 2208, 1554, 1407, 1691, 1205, 1710, 1713, 1479, 1887, 2057, 708, 772, 793, 861, 1257, 1391, 1139, 1223, 1373, 1044, 1489, 1077, 1102, 1261, 1035, 777, 711, 712, 740, 679, 836, 868, 851, 1144, 873, 1808, 1837, 1205, 1517, 2204, 1401, 2065, 1121, 2620, 1512, 2341, 2149, 2683, 2566, 1411, 1622, 2146, 2434, 2251, 2316, 2375, 2794, 3230, 1893, 2497, 3241, 1662, 3257, 3162, 2602, 3371
2126, 1859, 1100, 859, 916, 1392, 1480, 1404, 1498, 2044, 1545, 1331, 1367, 1639, 1233, 1362, 1537, 1831, 2043, 1949, 1768, 1454, 1441, 1431, 1717, 1704, 1494, 1951, 1378, 1406, 1218, 1416, 1417, 1482, 1486, 1432, 1426, 1393, 1344, 1410, 1223, 1204, 646, 602, 601, 609, 671, 648, 618, 2234, 2026, 1309, 1748, 2613, 2142, 1876, 1882, 2910, 2630, 1754, 2765, 2600, 2750, 1749, 1036, 1825, 1343, 2248, 1632, 2443, 1784, 1556, 1821, 1498, 2348, 1162, 1057, 977, 1555, 1393, 1196, 1463, 1602, 1574, 1364, 1506, 1090, 1349, 926, 758, 759, 857, 846, 928, 841, 826, 1036, 1495, 2001, 2259, 1798, 2164, 1472, 1816, 1393, 1857, 1523, 2056, 2594, 1937, 1530, 1879, 2401, 1485, 2882, 1370, 1403, 2107, 2496, 2600, 2419, 1903, 1614, 2389, 2112, 2168, 2808, 3174
2408, 2291, 2256, 1791, 1744, 1746, 1465, 1034, 812, 974, 1358, 1274, 1011, 1504, 1799, 1394, 1346, 1373, 1122, 1332, 2010, 1548, 1337, 1437, 1495, 1556, 1791, 1739, 1769, 1537, 1836, 1649, 1589, 1335, 1666, 1631, 1391, 1360, 1303, 1336, 1241, 784, 582, 586, 596, 612, 624, 608, 1978, 2263, 1639, 1895, 1380, 1946, 1453, 2250, 1448, 1231, 2447, 1158, 2281, 2542, 2382, 1663, 2310, 907, 1239, 1399, 2406, 2293, 1484, 1573, 2096, 1993, 1880, 836, 1239, 1082, 1320, 1733, 1454, 1696, 1983, 1525, 1403, 1587, 1429, 1344, 1370, 961, 804, 880, 897, 701, 952, 1324, 1490, 1230, 1199, 1398, 1546, 1918, 2203, 1670, 1832, 1182, 2112, 1485, 2907, 2317, 2335, 2646, 1858, 2303, 2583, 2872, 1771, 1464, 2596, 1920, 2746, 3064, 2122, 3267, 3656, 3394, 1739, 1595
2527, 2609, 2363, 2404, 2595, 2691, 2254, 1989, 1442, 1215, 1254, 1369, 923, 1445, 1633, 1585, 1789, 1606, 1738, 1699, 1337, 1173, 1428, 1799, 1520, 1478, 1458, 1512, 1746, 1540, 1584, 1405, 1345, 1383, 1410, 1539, 1470, 1416, 1412, 684, 854, 616, 593, 573, 613, 624, 596, 598, 583, 847, 1863, 1679, 1516, 2200, 2614, 2120, 2437, 1560, 1879, 2185, 2271, 2119, 2060, 1245, 1355, 1410, 1788, 2354, 1122, 2619, 1571, 2578, 1417, 2437, 883, 1164, 1281, 1353, 1386, 1385, 1566, 2014, 2204, 1575, 1608, 1282, 1538, 1055, 1060, 1065, 799, 1192, 1312, 1211, 1209, 934, 1411, 1172, 1973, 1475, 1141, 1697, 1941, 2159, 2350, 2377, 2136, 1852, 2880, 2210, 1976, 2038, 2785, 1810, 2331, 2714, 2612, 2855, 2826, 2801, 2705, 2768, 3110, 2359, 3088, 2396, 2379, 2344
1661, 2464, 2114, 2286, 1829, 2601, 2602, 2417, 2345, 2453, 2047, 1282, 1199, 1338, 1258, 1469, 1575, 1420, 1306, 1368, 1562, 1887, 1947, 1386, 1518, 1414, 1415, 1420, 1616, 1478, 1233, 1506, 1502, 1416, 1115, 1475, 1380, 1402, 1140, 636, 625, 637, 594, 612, 624, 606, 597, 605, 598, 590, 607, 1950, 1937, 2543, 2396, 1865, 1494, 2443, 2628, 1924, 2005, 2433, 1257, 1038, 1387, 1816, 2305, 2039, 1397, 2562, 1691, 1907, 2204, 1816, 1711, 1594, 1558, 1422, 1446, 1357, 1040, 1531, 1841, 1461, 1919, 1203, 1408, 1353, 1227, 1374, 1060, 1347, 1321, 1064, 963, 1464, 1478, 1681, 1584, 1676, 1548, 1759, 1967, 2179, 1896, 2510, 2446, 1630, 1864, 2026, 2174, 1787, 2107, 2266, 2299, 2507, 2480, 2196, 2749, 2919, 3193, 2863, 1799, 2940, 1539, 3041, 2475, 3237
1747, 2752, 2146, 2897, 1755, 1751, 1716, 1798, 2277, 2443, 2684, 2228, 2210, 1024, 937, 1288, 1351, 1177, 1228, 1307, 1349, 1534, 1806, 1327, 1341, 1541, 1596, 1357, 1514, 1448, 1411, 1741, 1415, 1255, 1360, 1356, 948, 992, 705, 652, 607, 609, 600, 598, 607, 616, 620, 623, 628, 596, 600, 591, 1801, 1941, 2146, 1680, 2052, 2156, 2209, 2508, 2426, 2247, 1425, 843, 1552, 1687, 2278, 2390, 2340, 2083, 1997, 2481, 2028, 2185, 1089, 1595, 1276, 1349, 1330, 1443, 2119, 1538, 1873, 1990, 1829, 1883, 1784, 1416, 1052, 942, 936, 1475, 1180, 1367, 1431, 1230, 1530, 1411, 1433, 1389, 1823, 1299, 2183, 2332, 1376, 1398, 1844, 1493, 2057, 1975, 1586, 2777, 2444, 2262, 2983, 2901, 1256, 2359, 2093, 2670, 1448, 1678, 2520, 1614, 2265, 3483, 2192, 3121
2204, 2139, 1723, 2161, 2639, 2210, 2450, 2650, 2378, 2513, 2245, 2507, 2410, 2295, 2312, 2297, 1149, 953, 1322, 918, 1344, 1226, 1604, 1735, 1601, 1730, 1318, 1506, 1513, 1494, 1559, 1403, 1285, 1389, 1319, 873, 849, 705, 623, 604, 614, 590, 615, 600, 605, 688, 677, 632, 646, 574, 603, 619, 1115, 1667, 1914, 1959, 2495, 2395, 2342, 1675, 1749, 1842, 1532, 1096, 1769, 1632, 1625, 1371, 1971, 1054, 1982, 1607, 2310, 1803, 1092, 1334, 1400, 1976, 1836, 1704, 2145, 1387, 1781, 1281, 1210, 1466, 1769, 1925, 1561, 837, 1722, 1478, 1347, 1163, 1592, 1509, 1645, 1750, 1731, 1918, 2074, 1705, 1542, 1795, 984, 1491, 1875, 2142, 1964, 1925, 2927, 1762, 1826, 1748, 1619, 1912, 2852, 2645, 2907, 2287, 1772, 1907, 3152, 3663, 2910, 3320, 1955, 2729
1397, 1546, 1428, 2426, 2634, 3159, 1826, 2708, 2815, 1990, 2368, 2586, 1610, 2318, 2280, 2533, 1489, 945, 1294, 1400, 1363, 1399, 1372, 1497, 1407, 1351, 1457, 1467, 1413, 1353, 1424, 1356, 1140, 663, 626, 625, 642, 609, 599, 608, 595, 576, 589, 599, 590, 648, 686, 694, 633, 594, 600, 609, 641, 609, 620, 1878, 1627, 2142, 1743, 1362, 1262, 793, 1224, 1133, 1522, 1299, 2246, 1422, 1467, 1354, 1362, 1810, 1545, 2157, 1212, 1606, 1555, 1496, 1428, 2211, 1520, 1468, 1326, 1478, 1453, 2361, 1500, 1758, 1719, 1803, 1935, 1079, 1388, 1699, 1752, 1644, 1500, 1891, 1969, 1075, 1516, 1065, 1764, 1246, 1909, 1370, 1402, 1672, 2425, 1322, 2134, 2403, 2954, 1929, 1931, 2778, 2575, 2201, 2662, 1523, 3021, 1540, 2053, 2734, 2304, 1682, 2449, 3398
1403, 1330, 1361, 2156, 1597, 2416, 2589, 2915, 2179, 2234, 2350, 2633, 2727, 2720, 1693, 2368, 2609, 2332, 2025, 1450, 1302, 1365, 1253, 1314, 1395, 1291, 1320, 1330, 1492, 1405, 1239, 955, 624, 594, 621, 630, 622, 631, 624, 622, 636, 619, 604, 579, 629, 641, 663, 702, 626, 580, 595, 594, 606, 647, 610, 1620, 1536, 661, 810, 638, 601, 1282, 1481, 1780, 1857, 1416, 2581, 1684, 2669, 2109, 910, 2816, 2047, 1819, 1224, 1290, 1302, 1179, 2217, 1477, 1539, 1201, 2259, 2121, 1699, 1127, 2051, 1934, 1367, 960, 1527, 1215, 1327, 1525, 1359, 1152, 1817, 1412, 1496, 1537, 1459, 2218, 2015, 1604, 2284, 1562, 1607, 1494, 2419, 1432, 1552, 2133, 3113, 1922, 1934, 3026, 2352, 2263, 2734, 2333, 3060, 2848, 2302, 2032, 2879, 1516, 1637, 1729
1486, 1503, 1424, 1737, 2106, 1571, 1640, 2101, 2290, 2465, 2397, 2316, 2483, 2117, 1939, 2629, 2363, 2361, 2237, 2213, 1594, 1397, 1467, 1270, 1356, 1335, 1425, 1367, 1320, 772, 581, 578, 567, 587, 615, 614, 621, 598, 609, 613, 666, 606, 598, 603, 620, 655, 633, 623, 604, 621, 600, 622, 613, 652, 673, 608, 1415, 606, 732, 1571, 1466, 1352, 1750, 1396, 1542, 1195, 1625, 1339, 1267, 2492, 1653, 2449, 1696, 1985, 2424, 1323, 1303, 1436, 1361, 1353, 1542, 1621, 1502, 1327, 2202, 1622, 1256, 1484, 1516, 1172, 930, 1265, 914, 1704, 1430, 1580, 1589, 1577, 1729, 1968, 1412, 1957, 1367, 2091, 1901, 1873, 2864, 1755, 1164, 1424, 1254, 941, 3017, 1642, 1973, 1692, 2883, 2228, 3548, 2190, 3264, 2888, 2540, 1680, 1700, 2175, 1965, 2705
1866, 1515, 1635, 1565, 1825, 1505, 1753, 1633, 1842, 2434, 2881, 2351, 2594, 2662, 2373, 2875, 1490, 1963, 2202, 2075, 1811, 976, 1309, 1384, 730, 607, 620, 676, 634, 625, 605, 599, 588, 584, 584, 595, 607, 596, 606, 616, 621, 613, 597, 620, 623, 630, 640, 633, 587, 602, 609, 636, 658, 649, 622, 627, 635, 620, 1385, 2265, 1845, 1659, 1950, 2449, 2273, 1713, 1706, 2312, 2420, 1494, 2321, 2671, 2440, 1580, 1767, 1570, 2229, 1429, 1725, 2136, 2193, 1614, 1467, 2354, 1524, 1540, 1240, 1616, 1852, 1876, 715, 872, 1349, 1333, 1938, 2070, 2038, 2039, 1463, 1395, 2156, 1596, 1959, 1221, 2238, 1063, 1962, 1758, 1597, 1483, 1420, 2366, 2438, 2883, 1766, 1500, 1457, 1273, 1755, 2138, 2144, 2201, 2594, 2150, 2338, 2136, 1935, 2144
1369, 1190, 1328, 1431, 1740, 1294, 1421, 1416, 1422, 2168, 1290, 1639, 1618, 1916, 2301, 2338, 2457, 2540, 2141, 2272, 2270, 1500, 1330, 1382, 597, 588, 610, 635, 611, 600, 618, 617, 605, 619, 584, 606, 606, 587, 601, 621, 610, 632, 628, 626, 611, 606, 644, 658, 653, 620, 622, 660, 630, 614, 602, 631, 635, 618, 1830, 2156, 1776, 2042, 1411, 2016, 1239, 1682, 2133, 2757, 2026, 1553, 2501, 1339, 2135, 2333, 1512, 1239, 1389, 1398, 1370, 1685, 1359, 1479, 1635, 1482, 2035, 1406, 1187, 1453, 2040, 2425, 862, 1225, 1889, 1496, 2178, 2144, 2051, 1838, 1637, 2222, 1724, 1356, 2336, 2154, 1783, 1879, 2802, 1478, 1400, 1592, 2246, 2085, 2375, 2268, 1662, 2494, 1872, 1881, 1633, 2701, 1952, 1901, 2957, 2304, 2255, 2436, 2081, 3253
1149, 1224, 1168, 913, 1291, 1248, 1509, 1735, 1747, 1796, 1387, 2069, 2488, 1703, 1895, 1970, 2464, 2105, 1727, 1398, 2456, 2068, 1051, 732, 570, 612, 578, 581, 834, 577, 588, 602, 607, 620, 615, 605, 622, 616, 590, 605, 624, 693, 662, 605, 595, 639, 660, 639, 639, 627, 663, 668, 623, 642, 616, 601, 612, 614, 618, 1939, 1955, 1259, 997, 1801, 2107, 1814, 2352, 2544, 2371, 1986, 1182, 2028, 2064, 1611, 1443, 1753, 1351, 2478, 1498, 1938, 2547, 2675, 2197, 1427, 2069, 1884, 1221, 1509, 1737, 1830, 1048, 1297, 1378, 1880, 1611, 1486, 1599, 1621, 1523, 1416, 2287, 1358, 1834, 1633, 2074, 2153, 2373, 2531, 1525, 2200, 2549, 3225, 2342, 2175, 1904, 2805, 3084, 1854, 1699, 1957, 2109, 1872, 2592, 3305, 3327, 2498, 3160, 2118
