Energy (keV), Intensity
0.00, 0
0.01, 0
0.02, 0
0.03, 0
0.04, 0
0.05, 0
0.06, 0
0.07, 0
0.08, 7
0.09, 22
0.10, 44
0.11, 76
0.12, 132
0.13, 208
0.14, 293
0.15, 332
0.16, 372
0.17, 384
0.18, 472
0.19, 490
0.20, 588
0.21, 655
0.22, 789
0.23, 1112
0.24, 1754
0.25, 2772
0.26, 3985
0.27, 4965
0.28, 5324
0.29, 4802
0.30, 3638
0.31, 2472
0.32, 1594
0.33, 1066
0.34, 782
0.35, 691
0.36, 718
0.37, 740
0.38, 843
0.39, 878
0.40, 879
0.41, 800
0.42, 653
0.43, 537
0.44, 504
0.45, 538
0.46, 526
0.47, 624
0.48, 779
0.49, 965
0.50, 1224
0.51, 1478
0.52, 1711
0.53, 1712
0.54, 1594
0.55, 1231
0.56, 919
0.57, 689
0.58, 609
0.59, 537
0.60, 551
0.61, 574
0.62, 554
0.63, 548
0.64, 599
0.65, 611
0.66, 685
0.67, 768
0.68, 862
0.69, 1010
0.70, 1210
0.71, 1526
0.72, 1985
0.73, 2256
0.74, 2475
0.75, 2381
0.76, 2264
0.77, 1987
0.78, 1925
0.79, 2213
0.80, 3033
0.81, 4470
0.82, 6358
0.83, 8580
0.84, 10109
0.85, 10480
0.86, 9824
0.87, 8354
0.88, 6177
0.89, 4029
0.90, 2657
0.91, 1673
0.92, 1228
0.93, 963
0.94, 842
0.95, 809
0.96, 990
0.97, 1143
0.98, 1462
0.99, 1772
1.00, 2004
1.01, 2163
1.02, 2159
1.03, 2021
1.04, 1759
1.05, 1411
1.06, 1258
1.07, 924
1.08, 816
1.09, 758
1.10, 737
1.11, 757
1.12, 710
1.13, 734
1.14, 737
1.15, 735
1.16, 689
1.17, 729
1.18, 697
1.19, 745
1.20, 729
1.21, 791
1.22, 856
1.23, 898
1.24, 960
1.25, 966
1.26, 1056
1.27, 972
1.28, 935
1.29, 892
1.30, 875
1.31, 818
1.32, 835
1.33, 791
1.34, 774
1.35, 820
1.36, 770
1.37, 783
1.38, 836
1.39, 828
1.40, 833
1.41, 892
1.42, 817
1.43, 923
1.44, 1025
1.45, 1032
1.46, 1154
1.47, 1178
1.48, 1285
1.49, 1259
1.50, 1227
1.51, 1132
1.52, 1080
1.53, 1019
1.54, 903
1.55, 912
1.56, 862
1.57, 839
1.58, 833
1.59, 835
1.60, 798
1.61, 788
1.62, 790
1.63, 832
1.64, 777
1.65, 833
1.66, 828
1.67, 887
1.68, 936
1.69, 956
1.70, 998
1.71, 1093
1.72, 1197
1.73, 1233
1.74, 1232
1.75, 1192
1.76, 1097
1.77, 1106
1.78, 1007
1.79, 933
1.80, 920
1.81, 955
1.82, 915
1.83, 890
1.84, 891
1.85, 879
1.86, 849
1.87, 848
1.88, 800
1.89, 855
1.90, 869
1.91, 837
1.92, 844
1.93, 810
1.94, 797
1.95, 857
1.96, 811
1.97, 887
1.98, 887
1.99, 816
2.00, 847
2.01, 803
2.02, 852
2.03, 838
2.04, 820
2.05, 861
2.06, 839
2.07, 821
2.08, 838
2.09, 828
2.10, 816
2.11, 863
2.12, 877
2.13, 790
2.14, 815
2.15, 828
2.16, 841
2.17, 815
2.18, 829
2.19, 894
2.20, 868
2.21, 851
2.22, 860
2.23, 874
2.24, 852
2.25, 921
2.26, 912
2.27, 944
2.28, 993
2.29, 1012
2.30, 1065
2.31, 1062
2.32, 1069
2.33, 1075
2.34, 974
2.35, 1023
2.36, 900
2.37, 893
2.38, 873
2.39, 857
2.40, 853
2.41, 885
2.42, 825
2.43, 856
2.44, 860
2.45, 854
2.46, 891
2.47, 839
2.48, 788
2.49, 841
2.50, 833
2.51, 907
2.52, 859
2.53, 855
2.54, 860
2.55, 893
2.56, 918
2.57, 959
2.58, 990
2.59, 1046
2.60, 1105
2.61, 1212
2.62, 1297
2.63, 1344
2.64, 1417
2.65, 1360
2.66, 1294
2.67, 1217
2.68, 1080
2.69, 1048
2.70, 957
2.71, 934
2.72, 939
2.73, 903
2.74, 890
2.75, 876
2.76, 893
2.77, 923
2.78, 956
2.79, 897
2.80, 1000
2.81, 990
2.82, 1027
2.83, 1003
2.84, 970
2.85, 976
2.86, 993
2.87, 1084
2.88, 1233
2.89, 1550
2.90, 2038
2.91, 2746
2.92, 3759
2.93, 5148
2.94, 6869
2.95, 8669
2.96, 10305
2.97, 11815
2.98, 12819
2.99, 13057
3.00, 12695
3.01, 11340
3.02, 9775
3.03, 8062
3.04, 6440
3.05, 4909
3.06, 3915
3.07, 3274
3.08, 2916
3.09, 2879
3.10, 3138
3.11, 3677
3.12, 4324
3.13, 4910
3.14, 5287
3.15, 5753
3.16, 5859
3.17, 5766
3.18, 5204
3.19, 4661
3.20, 4088
3.21, 3554
3.22, 3031
3.23, 2810
3.24, 2562
3.25, 2148
3.26, 1918
3.27, 1838
3.28, 1758
3.29, 1749
3.30, 1717
3.31, 1784
3.32, 1930
3.33, 1952
3.34, 2086
3.35, 2277
3.36, 2525
3.37, 2842
3.38, 3219
3.39, 3646
3.40, 4146
3.41, 4821
3.42, 5202
3.43, 5642
3.44, 5903
3.45, 6051
3.46, 5776
3.47, 5275
3.48, 4692
3.49, 3982
3.50, 3412
3.51, 2730
3.52, 2227
3.53, 1750
3.54, 1489
3.55, 1261
3.56, 1145
3.57, 1107
3.58, 1114
3.59, 1175
3.60, 1395
3.61, 1531
3.62, 1849
3.63, 2030
3.64, 2358
3.65, 2653
3.66, 2760
3.67, 2856
3.68, 2837
3.69, 2642
3.70, 2505
3.71, 2395
3.72, 2206
3.73, 1995
3.74, 1726
3.75, 1532
3.76, 1402
3.77, 1278
3.78, 1157
3.79, 1124
3.80, 1034
3.81, 896
3.82, 821
3.83, 826
3.84, 853
3.85, 926
3.86, 977
3.87, 1000
3.88, 1068
3.89, 1093
3.90, 1197
3.91, 1150
3.92, 1109
3.93, 1085
3.94, 979
3.95, 1012
3.96, 902
3.97, 794
3.98, 721
3.99, 611
4.00, 648
4.01, 589
4.02, 534
4.03, 558
4.04, 527
4.05, 515
4.06, 575
4.07, 577
4.08, 591
4.09, 641
4.10, 625
4.11, 680
4.12, 713
4.13, 664
4.14, 671
4.15, 719
4.16, 641
4.17, 642
4.18, 643
4.19, 614
4.20, 578
4.21, 515
4.22, 483
4.23, 482
4.24, 490
4.25, 479
4.26, 471
4.27, 464
4.28, 489
4.29, 502
4.30, 520
4.31, 492
4.32, 491
4.33, 495
4.34, 528
4.35, 543
4.36, 547
4.37, 550
4.38, 605
4.39, 526
4.40, 539
4.41, 534
4.42, 534
4.43, 532
4.44, 523
4.45, 499
4.46, 475
4.47, 450
4.48, 454
4.49, 436
4.50, 468
4.51, 455
4.52, 462
4.53, 461
4.54, 472
4.55, 444
4.56, 419
4.57, 423
4.58, 435
4.59, 477
4.60, 470
4.61, 481
4.62, 442
4.63, 436
4.64, 420
4.65, 452
4.66, 486
4.67, 436
4.68, 445
4.69, 452
4.70, 422
4.71, 434
4.72, 449
4.73, 418
4.74, 428
4.75, 434
4.76, 440
4.77, 472
4.78, 413
4.79, 426
4.80, 428
4.81, 420
4.82, 446
4.83, 429
4.84, 439
4.85, 424
4.86, 443
4.87, 431
4.88, 431
4.89, 430
4.90, 387
4.91, 446
4.92, 447
4.93, 422
4.94, 426
4.95, 441
4.96, 442
4.97, 411
4.98, 428
4.99, 430
5.00, 421
5.01, 391
5.02, 439
5.03, 433
5.04, 460
5.05, 413
5.06, 418
5.07, 403
5.08, 420
5.09, 415
5.10, 368
5.11, 385
5.12, 403
5.13, 437
5.14, 419
5.15, 414
5.16, 419
5.17, 461
5.18, 449
5.19, 425
5.20, 455
5.21, 449
5.22, 417
5.23, 395
5.24, 395
5.25, 409
5.26, 404
5.27, 423
5.28, 395
5.29, 393
5.30, 395
5.31, 420
5.32, 437
5.33, 387
5.34, 365
5.35, 400
5.36, 416
5.37, 383
5.38, 408
5.39, 405
5.40, 413
5.41, 386
5.42, 401
5.43, 379
5.44, 398
5.45, 423
5.46, 390
5.47, 393
5.48, 390
5.49, 385
5.50, 400
5.51, 405
5.52, 404
5.53, 376
5.54, 411
5.55, 411
5.56, 392
5.57, 396
5.58, 389
5.59, 355
5.60, 409
5.61, 377
5.62, 389
5.63, 426
5.64, 437
5.65, 408
5.66, 396
5.67, 389
5.68, 395
5.69, 360
5.70, 395
5.71, 405
5.72, 399
5.73, 374
5.74, 387
5.75, 373
5.76, 390
5.77, 428
5.78, 403
5.79, 399
5.80, 403
5.81, 365
5.82, 366
5.83, 350
5.84, 373
5.85, 370
5.86, 404
5.87, 400
5.88, 417
5.89, 377
5.90, 411
5.91, 383
5.92, 372
5.93, 394
5.94, 391
5.95, 343
5.96, 392
5.97, 388
5.98, 381
5.99, 389
6.00, 373
6.01, 345
6.02, 353
6.03, 386
6.04, 390
6.05, 353
6.06, 351
6.07, 396
6.08, 373
6.09, 388
6.10, 378
6.11, 349
6.12, 352
6.13, 363
6.14, 351
6.15, 386
6.16, 366
6.17, 351
6.18, 364
6.19, 398
6.20, 351
6.21, 366
6.22, 363
6.23, 369
6.24, 355
6.25, 367
6.26, 338
6.27, 349
6.28, 337
6.29, 359
6.30, 354
6.31, 383
6.32, 399
6.33, 407
6.34, 359
6.35, 359
6.36, 351
6.37, 351
6.38, 351
6.39, 369
6.40, 361
6.41, 363
6.42, 370
6.43, 346
6.44, 364
6.45, 352
6.46, 345
6.47, 333
6.48, 342
6.49, 345
6.50, 342
6.51, 335
6.52, 345
6.53, 350
6.54, 338
6.55, 375
6.56, 338
6.57, 322
6.58, 333
6.59, 318
6.60, 334
6.61, 332
6.62, 340
6.63, 355
6.64, 313
6.65, 336
6.66, 332
6.67, 337
6.68, 327
6.69, 299
6.70, 320
6.71, 323
6.72, 332
6.73, 300
6.74, 323
6.75, 356
6.76, 349
6.77, 334
6.78, 341
6.79, 306
6.80, 296
6.81, 302
6.82, 345
6.83, 315
6.84, 325
6.85, 312
6.86, 314
6.87, 311
6.88, 317
6.89, 311
6.90, 307
6.91, 345
6.92, 320
6.93, 314
6.94, 329
6.95, 351
6.96, 334
6.97, 306
6.98, 294
6.99, 322
7.00, 307
7.01, 301
7.02, 326
7.03, 308
7.04, 303
7.05, 279
7.06, 277
7.07, 320
7.08, 317
7.09, 316
7.10, 321
7.11, 291
7.12, 285
7.13, 304
7.14, 310
7.15, 312
7.16, 299
7.17, 310
7.18, 309
7.19, 343
7.20, 348
7.21, 291
7.22, 291
7.23, 315
7.24, 311
7.25, 323
7.26, 312
7.27, 319
7.28, 316
7.29, 355
7.30, 381
7.31, 385
7.32, 460
7.33, 522
7.34, 641
7.35, 764
7.36, 968
7.37, 1155
7.38, 1373
7.39, 1673
7.40, 2039
7.41, 2390
7.42, 2836
7.43, 3194
7.44, 3396
7.45, 3615
7.46, 3804
7.47, 3949
7.48, 3894
7.49, 3649
7.50, 3424
7.51, 3163
7.52, 2765
7.53, 2469
7.54, 2113
7.55, 1796
7.56, 1442
7.57, 1193
7.58, 959
7.59, 752
7.60, 607
7.61, 505
7.62, 462
7.63, 396
7.64, 341
7.65, 345
7.66, 321
7.67, 282
7.68, 298
7.69, 282
7.70, 292
7.71, 289
7.72, 303
7.73, 303
7.74, 288
7.75, 277
7.76, 266
7.77, 280
7.78, 281
7.79, 287
7.80, 259
7.81, 277
7.82, 279
7.83, 264
7.84, 258
7.85, 273
7.86, 260
7.87, 268
7.88, 245
7.89, 258
7.90, 272
7.91, 260
7.92, 272
7.93, 252
7.94, 261
7.95, 270
7.96, 285
7.97, 258
7.98, 251
7.99, 263
8.00, 243
8.01, 262
8.02, 270
8.03, 253
8.04, 267
8.05, 271
8.06, 282
8.07, 270
8.08, 261
8.09, 259
8.10, 275
8.11, 286
8.12, 297
8.13, 300
8.14, 363
8.15, 377
8.16, 374
8.17, 416
8.18, 470
8.19, 509
8.20, 556
8.21, 591
8.22, 674
8.23, 670
8.24, 671
8.25, 710
8.26, 668
8.27, 710
8.28, 720
8.29, 684
8.30, 625
8.31, 605
8.32, 549
8.33, 492
8.34, 464
8.35, 424
8.36, 338
8.37, 341
8.38, 295
8.39, 318
8.40, 274
8.41, 243
8.42, 246
8.43, 219
8.44, 214
8.45, 226
8.46, 231
8.47, 214
8.48, 215
8.49, 196
8.50, 222
8.51, 243
8.52, 240
8.53, 260
8.54, 284
8.55, 283
8.56, 339
8.57, 366
8.58, 354
8.59, 331
8.60, 366
8.61, 393
8.62, 372
8.63, 379
8.64, 399
8.65, 365
8.66, 399
8.67, 371
8.68, 345
8.69, 314
8.70, 307
8.71, 311
8.72, 267
8.73, 272
8.74, 246
8.75, 232
8.76, 238
8.77, 224
8.78, 211
8.79, 203
8.80, 196
8.81, 178
8.82, 173
8.83, 183
8.84, 183
8.85, 182
8.86, 197
8.87, 194
8.88, 208
8.89, 213
8.90, 186
8.91, 186
8.92, 205
8.93, 206
8.94, 194
8.95, 204
8.96, 196
8.97, 192
8.98, 194
8.99, 201
9.00, 190
9.01, 167
9.02, 188
9.03, 194
9.04, 187
9.05, 174
9.06, 199
9.07, 182
9.08, 177
9.09, 193
9.10, 204
9.11, 193
9.12, 183
9.13, 194
9.14, 193
9.15, 186
9.16, 170
9.17, 184
9.18, 189
9.19, 184
9.20, 178
9.21, 155
9.22, 171
9.23, 179
9.24, 192
9.25, 186
9.26, 181
9.27, 187
9.28, 166
9.29, 182
9.30, 179
9.31, 170
9.32, 172
9.33, 164
9.34, 169
9.35, 178
9.36, 178
9.37, 194
9.38, 192
9.39, 168
9.40, 155
9.41, 168
9.42, 183
9.43, 185
9.44, 169
9.45, 180
9.46, 178
9.47, 194
9.48, 167
9.49, 170
9.50, 189
9.51, 188
9.52, 180
9.53, 196
9.54, 180
9.55, 172
9.56, 191
9.57, 205
9.58, 207
9.59, 200
9.60, 200
9.61, 200
9.62, 170
9.63, 168
9.64, 167
9.65, 164
9.66, 170
9.67, 176
9.68, 201
9.69, 190
9.70, 160
9.71, 149
9.72, 152
9.73, 163
9.74, 170
9.75, 160
9.76, 146
9.77, 146
9.78, 133
9.79, 132
9.80, 157
9.81, 162
9.82, 169
9.83, 163
9.84, 162
9.85, 168
9.86, 143
9.87, 140
9.88, 158
9.89, 156
9.90, 155
9.91, 139
9.92, 157
9.93, 147
9.94, 153
9.95, 154
9.96, 152
9.97, 148
9.98, 149
9.99, 138
10.00, 130
10.01, 155
10.02, 144
10.03, 117
10.04, 126
10.05, 129
10.06, 144
10.07, 142
10.08, 138
10.09, 134
10.10, 152
10.11, 142
10.12, 132
10.13, 162
10.14, 148
10.15, 142
10.16, 144
10.17, 124
10.18, 133
10.19, 131
10.20, 143
10.21, 149
10.22, 151
10.23, 145
10.24, 141
10.25, 155
10.26, 159
10.27, 136
10.28, 132
10.29, 126
10.30, 144
10.31, 134
10.32, 127
10.33, 128
10.34, 119
10.35, 121
10.36, 140
10.37, 132
10.38, 111
10.39, 120
10.40, 122
10.41, 156
10.42, 124
10.43, 126
10.44, 117
10.45, 118
10.46, 159
10.47, 164
10.48, 140
10.49, 116
10.50, 120
10.51, 125
10.52, 130
10.53, 128
10.54, 127
10.55, 125
10.56, 132
10.57, 137
10.58, 145
10.59, 151
10.60, 131
10.61, 132
10.62, 131
10.63, 134
10.64, 132
10.65, 138
10.66, 127
10.67, 113
10.68, 113
10.69, 126
10.70, 133
10.71, 136
10.72, 128
10.73, 141
10.74, 143
10.75, 111
10.76, 126
10.77, 126
10.78, 135
10.79, 134
10.80, 119
10.81, 124
10.82, 119
10.83, 122
10.84, 96
10.85, 126
10.86, 121
10.87, 101
10.88, 101
10.89, 108
10.90, 121
10.91, 119
10.92, 101
10.93, 114
10.94, 134
10.95, 111
10.96, 115
10.97, 118
10.98, 106
10.99, 109
11.00, 104
11.01, 101
11.02, 118
11.03, 107
11.04, 116
11.05, 101
11.06, 116
11.07, 107
11.08, 116
11.09, 136
11.10, 101
11.11, 114
11.12, 112
11.13, 108
11.14, 91
11.15, 98
11.16, 108
11.17, 116
11.18, 120
11.19, 108
11.20, 101
11.21, 108
11.22, 98
11.23, 103
11.24, 100
11.25, 106
11.26, 107
11.27, 115
11.28, 113
11.29, 101
11.30, 95
11.31, 97
11.32, 100
11.33, 94
11.34, 102
11.35, 88
11.36, 93
11.37, 96
11.38, 103
11.39, 95
11.40, 86
11.41, 91
11.42, 108
11.43, 104
11.44, 103
11.45, 108
11.46, 96
11.47, 90
11.48, 98
11.49, 75
11.50, 82
11.51, 106
11.52, 101
11.53, 87
11.54, 82
11.55, 89
11.56, 90
11.57, 113
11.58, 100
11.59, 99
11.60, 100
11.61, 93
11.62, 90
11.63, 88
11.64, 96
11.65, 79
11.66, 75
11.67, 101
11.68, 83
11.69, 70
11.70, 97
11.71, 91
11.72, 81
11.73, 90
11.74, 77
11.75, 80
11.76, 81
11.77, 73
11.78, 96
11.79, 93
11.80, 84
11.81, 78
11.82, 87
11.83, 90
11.84, 82
11.85, 78
11.86, 76
11.87, 90
11.88, 79
11.89, 80
11.90, 82
11.91, 87
11.92, 83
11.93, 73
11.94, 80
11.95, 90
11.96, 72
11.97, 82
11.98, 84
11.99, 82
12.00, 81
12.01, 73
12.02, 87
12.03, 81
12.04, 72
12.05, 71
12.06, 78
12.07, 71
12.08, 80
12.09, 81
12.10, 80
12.11, 80
12.12, 84
12.13, 81
12.14, 91
12.15, 76
12.16, 62
12.17, 75
12.18, 70
12.19, 78
12.20, 68
12.21, 70
12.22, 83
12.23, 77
12.24, 74
12.25, 72
12.26, 73
12.27, 77
12.28, 71
12.29, 70
12.30, 78
12.31, 72
12.32, 68
12.33, 63
12.34, 70
12.35, 79
12.36, 65
12.37, 73
12.38, 78
12.39, 74
12.40, 66
12.41, 65
12.42, 74
12.43, 67
12.44, 69
12.45, 56
12.46, 62
12.47, 66
12.48, 64
12.49, 67
12.50, 71
12.51, 71
12.52, 69
12.53, 64
12.54, 57
12.55, 72
12.56, 69
12.57, 58
12.58, 59
12.59, 58
12.60, 60
12.61, 55
12.62, 57
12.63, 58
12.64, 49
12.65, 56
12.66, 62
12.67, 61
12.68, 56
12.69, 56
12.70, 45
12.71, 60
12.72, 62
12.73, 74
12.74, 68
12.75, 62
12.76, 51
12.77, 58
12.78, 56
12.79, 60
12.80, 57
12.81, 55
12.82, 46
12.83, 52
12.84, 65
12.85, 52
12.86, 50
12.87, 50
12.88, 46
12.89, 44
12.90, 48
12.91, 46
12.92, 40
12.93, 45
12.94, 58
12.95, 60
12.96, 58
12.97, 39
12.98, 42
12.99, 54
13.00, 51
13.01, 44
13.02, 44
13.03, 47
13.04, 43
13.05, 44
13.06, 51
13.07, 45
13.08, 44
13.09, 51
13.10, 48
13.11, 49
13.12, 49
13.13, 38
13.14, 49
13.15, 49
13.16, 42
13.17, 44
13.18, 49
13.19, 48
13.20, 48
13.21, 45
13.22, 41
13.23, 35
13.24, 39
13.25, 38
13.26, 47
13.27, 48
13.28, 54
13.29, 34
13.30, 40
13.31, 36
13.32, 35
13.33, 30
13.34, 41
13.35, 36
13.36, 36
13.37, 36
13.38, 32
13.39, 43
13.40, 40
13.41, 37
13.42, 35
13.43, 35
13.44, 40
13.45, 37
13.46, 31
13.47, 31
13.48, 39
13.49, 38
13.50, 33
13.51, 32
13.52, 42
13.53, 37
13.54, 40
13.55, 43
13.56, 33
13.57, 35
13.58, 26
13.59, 37
13.60, 35
13.61, 32
13.62, 26
13.63, 30
13.64, 35
13.65, 37
13.66, 31
13.67, 31
13.68, 25
13.69, 29
13.70, 28
13.71, 22
13.72, 29
13.73, 23
13.74, 33
13.75, 31
13.76, 37
13.77, 39
13.78, 29
13.79, 18
13.80, 25
13.81, 25
13.82, 28
13.83, 23
13.84, 26
13.85, 25
13.86, 32
13.87, 36
13.88, 26
13.89, 19
13.90, 23
13.91, 22
13.92, 17
13.93, 20
13.94, 22
13.95, 30
13.96, 27
13.97, 16
13.98, 17
13.99, 18
14.00, 19
14.01, 24
14.02, 19
14.03, 23
14.04, 30
14.05, 25
14.06, 26
14.07, 23
14.08, 22
14.09, 22
14.10, 26
14.11, 22
14.12, 15
14.13, 18
14.14, 16
14.15, 17
14.16, 17
14.17, 13
14.18, 9
14.19, 15
14.20, 12
14.21, 16
14.22, 15
14.23, 17
14.24, 13
14.25, 14
14.26, 17
14.27, 18
14.28, 11
14.29, 15
14.30, 17
14.31, 20
14.32, 20
14.33, 14
14.34, 14
14.35, 19
14.36, 19
14.37, 12
14.38, 14
14.39, 12
14.40, 13
14.41, 13
14.42, 14
14.43, 15
14.44, 12
14.45, 14
14.46, 12
14.47, 9
14.48, 9
14.49, 9
14.50, 12
14.51, 11
14.52, 6
14.53, 8
14.54, 13
14.55, 11
14.56, 13
14.57, 9
14.58, 7
14.59, 9
14.60, 12
14.61, 10
14.62, 7
14.63, 9
14.64, 8
14.65, 5
14.66, 7
14.67, 9
14.68, 10
14.69, 10
14.70, 6
14.71, 6
14.72, 4
14.73, 7
14.74, 8
14.75, 6
14.76, 7
14.77, 4
14.78, 5
14.79, 9
14.80, 3
14.81, 0
14.82, 3
14.83, 5
14.84, 4
14.85, 7
14.86, 8
14.87, 6
14.88, 3
14.89, 3
14.90, 2
14.91, 2
14.92, 2
14.93, 3
14.94, 1
14.95, 2
14.96, 3
14.97, 1
14.98, 0
14.99, 3
15.00, 2
15.01, 2
15.02, 3
15.03, 2
15.04, 2
15.05, 1
15.06, 0
15.07, 3
15.08, 1
15.09, 0
15.10, 1
15.11, 2
15.12, 1
15.13, 0
15.14, 1
15.15, 0
15.16, 0
15.17, 1
15.18, 1
15.19, 0
15.20, 0
15.21, 1
15.22, 1
15.23, 0
15.24, 0
15.25, 0
15.26, 1
15.27, 1
15.28, 1
15.29, 0
15.30, 0
15.31, 1
15.32, 1
15.33, 0
15.34, 0
15.35, 0
15.36, 2
15.37, 3
15.38, 1
15.39, 0
15.40, 0
15.41, 0
15.42, 3
15.43, 1
15.44, 0
15.45, 1
15.46, 0
15.47, 1
15.48, 0
15.49, 1
15.50, 0
15.51, 1
15.52, 1
15.53, 1
15.54, 1
15.55, 1
15.56, 1
15.57, 1
15.58, 1
15.59, 0
15.60, 0
15.61, 1
15.62, 2
15.63, 1
15.64, 1
15.65, 1
15.66, 0
15.67, 1
15.68, 1
15.69, 1
15.70, 1
15.71, 0
15.72, 1
15.73, 1
15.74, 0
15.75, 1
15.76, 1
15.77, 1
15.78, 2
15.79, 2
15.80, 1
15.81, 1
15.82, 1
15.83, 0
15.84, 1
15.85, 1
15.86, 0
15.87, 0
15.88, 0
15.89, 1
15.90, 0
15.91, 0
15.92, 0
15.93, 1
15.94, 0
15.95, 0
15.96, 0
15.97, 0
15.98, 1
15.99, 0
16.00, 0
16.01, 0
16.02, 2
16.03, 0
16.04, 2
16.05, 1
16.06, 0
16.07, 1
16.08, 1
16.09, 0
16.10, 0
16.11, 1
16.12, 2
16.13, 1
16.14, 0
16.15, 0
16.16, 1
16.17, 0
16.18, 0
16.19, 0
16.20, 1
16.21, 1
16.22, 0
16.23, 0
16.24, 0
16.25, 0
16.26, 1
16.27, 1
16.28, 0
16.29, 0
16.30, 0
16.31, 0
16.32, 1
16.33, 1
16.34, 0
16.35, 1
16.36, 0
16.37, 0
16.38, 0
16.39, 0
16.40, 0
16.41, 2
16.42, 1
16.43, 0
16.44, 0
16.45, 0
16.46, 0
16.47, 0
16.48, 1
16.49, 0
16.50, 0
16.51, 0
16.52, 1
16.53, 0
16.54, 0
16.55, 0
16.56, 0
16.57, 0
16.58, 0
16.59, 0
16.60, 1
16.61, 1
16.62, 0
16.63, 0
16.64, 0
16.65, 1
16.66, 0
16.67, 0
16.68, 0
16.69, 0
16.70, 0
16.71, 0
16.72, 0
16.73, 0
16.74, 0
16.75, 0
16.76, 0
16.77, 0
16.78, 1
16.79, 1
16.80, 1
16.81, 0
16.82, 0
16.83, 0
16.84, 0
16.85, 0
16.86, 0
16.87, 0
16.88, 0
16.89, 1
16.90, 0
16.91, 0
16.92, 0
16.93, 1
16.94, 0
16.95, 0
16.96, 1
16.97, 2
16.98, 1
16.99, 0
17.00, 0
17.01, 0
17.02, 1
17.03, 0
17.04, 0
17.05, 0
17.06, 2
17.07, 1
17.08, 0
17.09, 0
17.10, 0
17.11, 0
17.12, 0
17.13, 0
17.14, 1
17.15, 1
17.16, 0
17.17, 0
17.18, 0
17.19, 1
17.20, 0
17.21, 0
17.22, 1
17.23, 0
17.24, 1
17.25, 0
17.26, 2
17.27, 1
17.28, 0
17.29, 0
17.30, 0
17.31, 0
17.32, 0
17.33, 1
17.34, 0
17.35, 0
17.36, 0
17.37, 0
17.38, 0
17.39, 0
17.40, 0
17.41, 0
17.42, 0
17.43, 1
17.44, 1
17.45, 0
17.46, 0
17.47, 1
17.48, 0
17.49, 0
17.50, 0
17.51, 0
17.52, 1
17.53, 0
17.54, 1
17.55, 0
17.56, 1
17.57, 0
17.58, 0
17.59, 0
17.60, 0
17.61, 1
17.62, 0
17.63, 1
17.64, 0
17.65, 0
17.66, 0
17.67, 1
17.68, 0
17.69, 0
17.70, 0
17.71, 0
17.72, 0
17.73, 0
17.74, 0
17.75, 1
17.76, 0
17.77, 0
17.78, 0
17.79, 1
17.80, 0
17.81, 0
17.82, 1
17.83, 0
17.84, 1
17.85, 0
17.86, 0
17.87, 0
17.88, 0
17.89, 1
17.90, 0
17.91, 0
17.92, 0
17.93, 0
17.94, 0
17.95, 0
17.96, 0
17.97, 0
17.98, 0
17.99, 0
18.00, 0
18.01, 0
18.02, 0
18.03, 0
18.04, 1
18.05, 0
18.06, 0
18.07, 0
18.08, 0
18.09, 0
18.10, 0
18.11, 0
18.12, 0
18.13, 1
18.14, 0
18.15, 0
18.16, 0
18.17, 0
18.18, 1
18.19, 0
18.20, 0
18.21, 0
18.22, 0
18.23, 0
18.24, 0
18.25, 0
18.26, 0
18.27, 0
18.28, 0
18.29, 0
18.30, 0
18.31, 0
18.32, 1
18.33, 0
18.34, 0
18.35, 0
18.36, 1
18.37, 0
18.38, 0
18.39, 1
18.40, 0
18.41, 0
18.42, 1
18.43, 0
18.44, 0
18.45, 0
18.46, 0
18.47, 0
18.48, 0
18.49, 0
18.50, 0
18.51, 0
18.52, 0
18.53, 1
18.54, 0
18.55, 0
18.56, 0
18.57, 1
18.58, 0
18.59, 0
18.60, 0
18.61, 0
18.62, 0
18.63, 0
18.64, 0
18.65, 0
18.66, 0
18.67, 0
18.68, 0
18.69, 0
18.70, 0
18.71, 0
18.72, 0
18.73, 0
18.74, 0
18.75, 0
18.76, 0
18.77, 0
18.78, 0
18.79, 0
18.80, 0
18.81, 0
18.82, 0
18.83, 1
18.84, 0
18.85, 0
18.86, 0
18.87, 0
18.88, 0
18.89, 0
18.90, 0
18.91, 0
18.92, 0
18.93, 0
18.94, 0
18.95, 1
18.96, 0
18.97, 0
18.98, 0
18.99, 0
19.00, 0
19.01, 1
19.02, 0
19.03, 0
19.04, 0
19.05, 0
19.06, 0
19.07, 0
19.08, 0
19.09, 0
19.10, 0
19.11, 0
19.12, 1
19.13, 0
19.14, 0
19.15, 0
19.16, 0
19.17, 0
19.18, 0
19.19, 0
19.20, 0
19.21, 0
19.22, 0
19.23, 0
19.24, 0
19.25, 0
19.26, 0
19.27, 0
19.28, 0
19.29, 0
19.30, 0
19.31, 0
19.32, 1
19.33, 0
19.34, 0
19.35, 0
19.36, 0
19.37, 0
19.38, 0
19.39, 1
19.40, 1
19.41, 0
19.42, 0
19.43, 0
19.44, 0
19.45, 0
19.46, 1
19.47, 0
19.48, 0
19.49, 0
19.50, 0
19.51, 0
19.52, 1
19.53, 1
19.54, 0
19.55, 0
19.56, 0
19.57, 1
19.58, 0
19.59, 0
19.60, 0
19.61, 0
19.62, 0
19.63, 0
19.64, 0
19.65, 0
19.66, 0
19.67, 0
19.68, 0
19.69, 0
19.70, 0
19.71, 0
19.72, 0
19.73, 0
19.74, 0
19.75, 1
19.76, 0
19.77, 0
19.78, 0
19.79, 0
19.80, 0
19.81, 0
19.82, 0
19.83, 0
19.84, 0
19.85, 1
19.86, 0
19.87, 0
19.88, 0
19.89, 0
19.90, 0
19.91, 0
19.92, 0
19.93, 0
19.94, 0
19.95, 0
19.96, 0
19.97, 1
19.98, 0
19.99, 0
20.00, 0
20.01, 0
20.02, 0
20.03, 0
20.04, 0
20.05, 1
20.06, 0
20.07, 1
20.08, 0
20.09, 0
20.10, 0
20.11, 0
20.12, 0
20.13, 1
20.14, 0
20.15, 0
20.16, 1
20.17, 0
20.18, 0
20.19, 0
20.20, 0
20.21, 0
20.22, 0
20.23, 0
20.24, 0
20.25, 0
20.26, 0
20.27, 0
20.28, 0
20.29, 0
20.30, 0
20.31, 0
20.32, 0
20.33, 0
20.34, 0
20.35, 0
20.36, 0
20.37, 0
20.38, 0
20.39, 0
20.40, 0
20.41, 0
20.42, 0
20.43, 0
20.44, 0
20.45, 0
20.46, 0
20.47, 0
